rung,fold,model,coverage_10_90,coverage_01_99,direction,up_rate
r0_target,2022,base_pretrained,0.78,0.9840000000000001,0.43200000000000005,0.444
r0_target,2022,fine_tuned,0.7893333333333333,0.9826666666666667,0.44399999999999995,0.44399999999999995
r0_target,2022,zero_gaussian,0.796,0.976,0.444,0.444
r0_target,2023,base_pretrained,0.7559999999999999,0.968,0.564,0.568
r0_target,2023,fine_tuned,0.7973333333333333,0.98,0.5293333333333333,0.568
r0_target,2023,zero_gaussian,0.824,0.996,0.568,0.568
r0_target,2024,base_pretrained,0.7760000000000001,0.9519999999999998,0.592,0.592
r0_target,2024,fine_tuned,0.7933333333333333,0.9693333333333334,0.5773333333333333,0.592
r0_target,2024,zero_gaussian,0.796,0.9519999999999998,0.592,0.592
r0_target,2025,base_pretrained,0.804,0.964,0.572,0.572
r0_target,2025,fine_tuned,0.824,0.968,0.572,0.572
r0_target,2025,zero_gaussian,0.82,0.9519999999999998,0.572,0.572
r1_qqq,2022,base_pretrained,0.764,0.9840000000000001,0.4,0.444
r1_qqq,2022,fine_tuned,0.772,0.984,0.396,0.44399999999999995
r1_qqq,2022,zero_gaussian,0.796,0.976,0.444,0.444
r1_qqq,2023,base_pretrained,0.804,0.976,0.54,0.568
r1_qqq,2023,fine_tuned,0.82,0.9893333333333334,0.5346666666666667,0.568
r1_qqq,2023,zero_gaussian,0.824,0.996,0.568,0.568
r1_qqq,2024,base_pretrained,0.76,0.94,0.572,0.592
r1_qqq,2024,fine_tuned,0.7733333333333333,0.9546666666666666,0.5733333333333334,0.592
r1_qqq,2024,zero_gaussian,0.796,0.9519999999999998,0.592,0.592
r1_qqq,2025,base_pretrained,0.816,0.96,0.564,0.572
r1_qqq,2025,fine_tuned,0.8146666666666667,0.9653333333333333,0.5613333333333334,0.572
r1_qqq,2025,zero_gaussian,0.82,0.9519999999999998,0.572,0.572
r2_qqq_calendar,2022,base_pretrained,0.7559999999999999,0.9840000000000001,0.436,0.444
r2_qqq_calendar,2022,fine_tuned,0.784,0.9853333333333334,0.42133333333333334,0.44399999999999995
r2_qqq_calendar,2022,zero_gaussian,0.796,0.976,0.444,0.444
r2_qqq_calendar,2023,base_pretrained,0.78,0.972,0.572,0.568
r2_qqq_calendar,2023,fine_tuned,0.8026666666666668,0.9866666666666667,0.5493333333333333,0.568
r2_qqq_calendar,2023,zero_gaussian,0.824,0.996,0.568,0.568
r2_qqq_calendar,2024,base_pretrained,0.764,0.944,0.592,0.592
r2_qqq_calendar,2024,fine_tuned,0.7813333333333333,0.96,0.5746666666666665,0.592
r2_qqq_calendar,2024,zero_gaussian,0.796,0.9519999999999998,0.592,0.592
r2_qqq_calendar,2025,base_pretrained,0.812,0.96,0.564,0.572
r2_qqq_calendar,2025,fine_tuned,0.8186666666666667,0.9693333333333334,0.5680000000000001,0.572
r2_qqq_calendar,2025,zero_gaussian,0.82,0.9519999999999998,0.572,0.572
r3_qqq_calendar_market,2022,base_pretrained,0.76,0.988,0.428,0.444
r3_qqq_calendar_market,2022,fine_tuned,0.796,0.9893333333333334,0.4613333333333334,0.44399999999999995
r3_qqq_calendar_market,2022,zero_gaussian,0.796,0.976,0.444,0.444
r3_qqq_calendar_market,2023,base_pretrained,0.8080000000000002,0.976,0.56,0.568
r3_qqq_calendar_market,2023,fine_tuned,0.8119999999999999,0.9973333333333333,0.5586666666666666,0.568
r3_qqq_calendar_market,2023,zero_gaussian,0.824,0.996,0.568,0.568
r3_qqq_calendar_market,2024,base_pretrained,0.7559999999999999,0.948,0.588,0.592
r3_qqq_calendar_market,2024,fine_tuned,0.7786666666666666,0.9573333333333333,0.5826666666666666,0.592
r3_qqq_calendar_market,2024,zero_gaussian,0.796,0.9519999999999998,0.592,0.592
r3_qqq_calendar_market,2025,base_pretrained,0.804,0.956,0.556,0.572
r3_qqq_calendar_market,2025,fine_tuned,0.8173333333333332,0.968,0.5680000000000001,0.572
r3_qqq_calendar_market,2025,zero_gaussian,0.82,0.9519999999999998,0.572,0.572
r4_plus_uncertainty,2022,base_pretrained,0.764,0.988,0.4040000000000001,0.444
r4_plus_uncertainty,2022,fine_tuned,0.788,0.9866666666666667,0.43866666666666665,0.44399999999999995
r4_plus_uncertainty,2022,zero_gaussian,0.796,0.976,0.444,0.444
r4_plus_uncertainty,2023,base_pretrained,0.8,0.98,0.552,0.568
r4_plus_uncertainty,2023,fine_tuned,0.824,0.996,0.5373333333333334,0.568
r4_plus_uncertainty,2023,zero_gaussian,0.824,0.996,0.568,0.568
r4_plus_uncertainty,2024,base_pretrained,0.748,0.948,0.576,0.592
r4_plus_uncertainty,2024,fine_tuned,0.78,0.9560000000000001,0.576,0.592
r4_plus_uncertainty,2024,zero_gaussian,0.796,0.9519999999999998,0.592,0.592
r4_plus_uncertainty,2025,base_pretrained,0.8,0.956,0.56,0.572
r4_plus_uncertainty,2025,fine_tuned,0.816,0.9693333333333334,0.56,0.572
r4_plus_uncertainty,2025,zero_gaussian,0.82,0.9519999999999998,0.572,0.572
r5_plus_fed,2022,base_pretrained,0.7559999999999999,0.9840000000000001,0.412,0.444
r5_plus_fed,2022,fine_tuned,0.7933333333333333,0.9866666666666667,0.428,0.44399999999999995
r5_plus_fed,2022,zero_gaussian,0.796,0.976,0.444,0.444
r5_plus_fed,2023,base_pretrained,0.796,0.98,0.548,0.568
r5_plus_fed,2023,fine_tuned,0.8106666666666668,0.9879999999999999,0.54,0.568
r5_plus_fed,2023,zero_gaussian,0.824,0.996,0.568,0.568
r5_plus_fed,2024,base_pretrained,0.752,0.948,0.588,0.592
r5_plus_fed,2024,fine_tuned,0.7813333333333333,0.96,0.5666666666666665,0.592
r5_plus_fed,2024,zero_gaussian,0.796,0.9519999999999998,0.592,0.592
r5_plus_fed,2025,base_pretrained,0.8,0.956,0.552,0.572
r5_plus_fed,2025,fine_tuned,0.824,0.9719999999999999,0.5586666666666668,0.572
r5_plus_fed,2025,zero_gaussian,0.82,0.9519999999999998,0.572,0.572
r6_plus_gdelt_fed_recession,2022,base_pretrained,0.752,0.9840000000000001,0.44,0.444
r6_plus_gdelt_fed_recession,2022,fine_tuned,0.7893333333333333,0.9879999999999999,0.43066666666666664,0.44399999999999995
r6_plus_gdelt_fed_recession,2022,zero_gaussian,0.796,0.976,0.444,0.444
r6_plus_gdelt_fed_recession,2023,base_pretrained,0.784,0.976,0.516,0.568
r6_plus_gdelt_fed_recession,2023,fine_tuned,0.8146666666666667,0.9920000000000001,0.524,0.568
r6_plus_gdelt_fed_recession,2023,zero_gaussian,0.824,0.996,0.568,0.568
r6_plus_gdelt_fed_recession,2024,base_pretrained,0.74,0.936,0.584,0.592
r6_plus_gdelt_fed_recession,2024,fine_tuned,0.7773333333333334,0.9626666666666667,0.5773333333333333,0.592
r6_plus_gdelt_fed_recession,2024,zero_gaussian,0.796,0.9519999999999998,0.592,0.592
r6_plus_gdelt_fed_recession,2025,base_pretrained,0.7879999999999999,0.9519999999999998,0.536,0.572
r6_plus_gdelt_fed_recession,2025,fine_tuned,0.8146666666666667,0.9693333333333334,0.5586666666666666,0.572
r6_plus_gdelt_fed_recession,2025,zero_gaussian,0.82,0.9519999999999998,0.572,0.572
r7_all_external,2022,base_pretrained,0.748,0.9840000000000001,0.4640000000000001,0.444
r7_all_external,2022,zero_gaussian,0.796,0.976,0.444,0.444
r7_all_external,2023,base_pretrained,0.792,0.9840000000000001,0.508,0.568
r7_all_external,2023,zero_gaussian,0.824,0.996,0.568,0.568
r7_all_external,2024,base_pretrained,0.7440000000000001,0.94,0.572,0.592
r7_all_external,2024,zero_gaussian,0.796,0.9519999999999998,0.592,0.592
r7_all_external,2025,base_pretrained,0.7760000000000001,0.9519999999999998,0.54,0.572
r7_all_external,2025,zero_gaussian,0.82,0.9519999999999998,0.572,0.572
