rung,fold,delta_vs_control,ci_lo,ci_hi,share_windows_better
r0_target,2022,-0.002860620723941123,-0.011067520268167047,0.004668621804020675,0.52
r0_target,2023,-0.0016170785134809872,-0.006307117931129517,0.0029281560504675922,0.58
r0_target,2024,0.003943683939278403,-0.00033796331389215277,0.008851212111152716,0.48
r0_target,2025,0.0040862022742353754,-0.0022545475111715265,0.010488025807062562,0.44
r0_target,pooled,0.000888046744022917,-0.002180508401163975,0.003856659160362608,0.505
r1_qqq,2022,0.0002353149978143898,-0.004958695845029483,0.005623659427086993,0.52
r1_qqq,2023,-0.0015934725917184866,-0.005373961505184624,0.0022498235779662423,0.58
r1_qqq,2024,0.0004793463874548343,-0.002467980436431839,0.0034088717480512034,0.46
r1_qqq,2025,0.000426962747718268,-0.0032730795066662306,0.004034430788042699,0.5
r1_qqq,pooled,-0.00011296211468274864,-0.0021523130394243075,0.0019713316432977235,0.515
r2_qqq_calendar,2022,0.0022209857355890462,-0.003535461442202695,0.009533424835312236,0.44
r2_qqq_calendar,2023,-0.0036909611023402187,-0.007613109074868712,-0.00010916153679133558,0.6
r2_qqq_calendar,2024,-0.0008131066951065058,-0.004198179094935112,0.003069302846667827,0.56
r2_qqq_calendar,2025,-0.0006921442718000648,-0.0038003297930509065,0.0024033482546165145,0.48
r2_qqq_calendar,pooled,-0.0007438065834144359,-0.002857878971887447,0.0015503999497252243,0.52
r4_plus_uncertainty,2022,-0.0023949663730211536,-0.005890645507588444,0.0009259940515921098,0.54
r4_plus_uncertainty,2023,0.001446432923780261,-0.001472840265302922,0.004176362074303623,0.4
r4_plus_uncertainty,2024,0.00029804509246329156,-0.002983226613201226,0.004030746801786721,0.5
r4_plus_uncertainty,2025,0.0026282498443915025,-0.001307295651346672,0.0077776142525213705,0.42
r4_plus_uncertainty,pooled,0.0004944403719034754,-0.0012049785168249067,0.0024551020899793692,0.465
r5_plus_fed,2022,-0.0021183328263411493,-0.006539783149906935,0.0020392441784150214,0.56
r5_plus_fed,2023,-7.188606483021776e-05,-0.0033508763898093255,0.0034717069668606096,0.52
r5_plus_fed,2024,0.001982965424879901,-0.0016565302786642423,0.0057959660028485595,0.5
r5_plus_fed,2025,0.0007804775205254,-0.0029554355300585177,0.00469751807891088,0.48
r5_plus_fed,pooled,0.0001433060135584835,-0.001774962534709006,0.002086365948837891,0.515
r6_plus_gdelt_fed_recession,2022,-0.0003842635759704649,-0.0049339863041101585,0.004741762364743082,0.52
r6_plus_gdelt_fed_recession,2023,0.001561717457402917,-0.0025399531841173197,0.005831710829164273,0.54
r6_plus_gdelt_fed_recession,2024,0.0008503339007763455,-0.00220147167210378,0.004061066843966893,0.48
r6_plus_gdelt_fed_recession,2025,0.0002623567734732341,-0.004451816216167976,0.004646033018331795,0.46
r6_plus_gdelt_fed_recession,pooled,0.0005725361389205079,-0.0015148996324151555,0.002705575441615969,0.5
r7_all_external,2022,,,,
r7_all_external,2023,,,,
r7_all_external,2024,,,,
r7_all_external,2025,,,,
