rung,fold,delta_ft_minus_pt,ci_lo,ci_hi,share_windows_better
r0_target,2022,-0.0022919001024013018,-0.004885201241945715,0.00013161263195658767,0.52
r0_target,2023,0.0007346546909435947,-0.004306931894021656,0.0054813528075262135,0.44
r0_target,2024,0.0006523971688229758,-0.0023257487440063508,0.0036167154941231737,0.44
r0_target,2025,0.0005939751500558333,-0.003275058857882987,0.004375440235895473,0.48
r0_target,pooled,-7.771827314472457e-05,-0.0019091360891751322,0.0017283410506452465,0.47
r1_qqq,2022,-0.001084698703244743,-0.003927942517086575,0.0017278804538571183,0.62
r1_qqq,2023,0.0017494612542468112,-0.002055626588936283,0.005477142177316353,0.4
r1_qqq,2024,-0.0015056634608253095,-0.004142589232695317,0.0008891243117478671,0.54
r1_qqq,2025,-0.00010087443390241146,-0.003301205700421323,0.002797565892135086,0.48
r1_qqq,pooled,-0.00023544383593141315,-0.001772958624490019,0.0013268509192853545,0.51
r2_qqq_calendar,2022,0.0005066506025405848,-0.003966588500249574,0.005202196630251677,0.52
r2_qqq_calendar,2023,0.001305488418567049,-0.003547487407739638,0.006275649650256518,0.48
r2_qqq_calendar,2024,-0.001260034373207407,-0.005095135759737225,0.002363059940364173,0.54
r2_qqq_calendar,2025,0.0009309717653318106,-0.00369522559521614,0.00564329788450173,0.4
r2_qqq_calendar,pooled,0.00037076910330800935,-0.0018539371889245131,0.0026309461216459055,0.485
r3_qqq_calendar_market,2022,-0.0028921378877058714,-0.009891281116418087,0.002653957656580731,0.5
r3_qqq_calendar_market,2023,0.0015991316661074634,-0.003446862453472937,0.006706735240078999,0.4
r3_qqq_calendar_market,2024,-0.0021905622626826626,-0.009329823340102916,0.004146916224934041,0.42
r3_qqq_calendar_market,2025,0.0004603575634971996,-0.005515672532270421,0.006234778789823371,0.52
r3_qqq_calendar_market,pooled,-0.0007558027301959677,-0.0038536207918604187,0.0022722246563763927,0.46
r4_plus_uncertainty,2022,-0.006255533065270074,-0.012621699358546637,-0.000475942797556877,0.64
r4_plus_uncertainty,2023,0.0020145639205722556,-0.004073967473880487,0.008247296037008928,0.44
r4_plus_uncertainty,2024,-0.0014297714581949256,-0.008257087374479988,0.004589958518781288,0.44
r4_plus_uncertainty,2025,0.0022265572745281547,-0.004122777937756233,0.00830792490035321,0.38
r4_plus_uncertainty,pooled,-0.0008610458320911473,-0.004061618424600917,0.0022687304959164863,0.475
r5_plus_fed,2022,-0.0052907377891994204,-0.01142818677748681,6.979709793176259e-05,0.54
r5_plus_fed,2023,-0.0012799735605249325,-0.006996902886466166,0.0044096589106376845,0.54
r5_plus_fed,2024,0.002065404450329017,-0.0037061898916008716,0.0075342603724906955,0.48
r5_plus_fed,2025,0.0005673908044400994,-0.005258268952420218,0.006909932727783165,0.54
r5_plus_fed,pooled,-0.0009844790237388088,-0.003887635801323992,0.001813746057695269,0.525
r6_plus_gdelt_fed_recession,2022,-0.005570211102494027,-0.01300274394984875,0.0011665739312153739,0.52
r6_plus_gdelt_fed_recession,2023,-0.000634130938603194,-0.007757103776515256,0.006092611778790529,0.44
r6_plus_gdelt_fed_recession,2024,-0.00041549610572895744,-0.009446817331772273,0.006642160620417616,0.36
r6_plus_gdelt_fed_recession,2025,-0.0006338988694307157,-0.00828854680524544,0.006820914948246093,0.44
r6_plus_gdelt_fed_recession,pooled,-0.0018134342540642235,-0.005661053179644403,0.001725968314725355,0.44
r7_all_external,2022,,,,
r7_all_external,2023,,,,
r7_all_external,2024,,,,
r7_all_external,2025,,,,
r3_qqq_calendar_market-bw4,2022,-0.0009498186267709974,-0.006796954442687693,0.004392187377212356,0.46
r3_qqq_calendar_market-bw4,2023,0.0027444357565897474,-0.003870905921249026,0.009345237149425487,0.4
r3_qqq_calendar_market-bw4,2024,-0.000976696157873218,-0.00783214398863411,0.005563130282785908,0.44
r3_qqq_calendar_market-bw4,2025,9.159033001312544e-05,-0.006729034440031172,0.006440102100882627,0.44
r3_qqq_calendar_market-bw4,pooled,0.0002273778254896644,-0.002984113288799687,0.0033626704507241103,0.435
r7_all_external-bw4,2022,-0.007261224031802322,-0.019791673330485083,0.003474471315657675,0.44
r7_all_external-bw4,2023,-0.0066228530292720645,-0.018880591793252605,0.003968299797685972,0.48
r7_all_external-bw4,2024,-1.9659525271016332e-05,-0.011149818236604672,0.009993634543281726,0.44
r7_all_external-bw4,2025,-0.005161173182524469,-0.018006779363551342,0.006397414166783192,0.5
r7_all_external-bw4,pooled,-0.004766227442217468,-0.010645294370675974,0.000843234905186221,0.465
