rung,fold,window,gain,vol,tercile
r3_qqq_calendar_market,2022,0,-0.009179329059176733,0.013086677257914181,volatile
r3_qqq_calendar_market,2022,1,0.010150771793859648,0.01021265250742596,mid
r3_qqq_calendar_market,2022,2,0.013078778161157545,0.0164029308783137,volatile
r3_qqq_calendar_market,2022,3,-0.0008645609951122291,0.019501301356497802,volatile
r3_qqq_calendar_market,2022,4,-0.0022318590924371717,0.01537493420604184,volatile
r3_qqq_calendar_market,2022,5,-0.019231560898381184,0.01770167086346356,volatile
r3_qqq_calendar_market,2022,6,0.01165039576890492,0.01531457530698844,volatile
r3_qqq_calendar_market,2022,7,-0.005516557088387497,0.01855878584663962,volatile
r3_qqq_calendar_market,2022,8,0.014087260279907476,0.017572584604262382,volatile
r3_qqq_calendar_market,2022,9,-0.13523378402778197,0.023553046440692536,volatile
r3_qqq_calendar_market,2022,10,-0.02749840834677708,0.018191255740354923,volatile
r3_qqq_calendar_market,2022,11,-0.01321682998396101,0.013942208882078838,volatile
r3_qqq_calendar_market,2022,12,-0.011443980605089221,0.013663789313922819,volatile
r3_qqq_calendar_market,2022,13,-0.0002524040345470713,0.01331561559402924,volatile
r3_qqq_calendar_market,2022,14,-0.006790807467299653,0.016164036038895258,volatile
r3_qqq_calendar_market,2022,15,0.010094575865900235,0.019976324663368898,volatile
r3_qqq_calendar_market,2022,16,-0.00408890458091582,0.02636399383838514,volatile
r3_qqq_calendar_market,2022,17,-0.029307657721152847,0.029165047630601744,volatile
r3_qqq_calendar_market,2022,18,-0.010359279712587544,0.0252649637045455,volatile
r3_qqq_calendar_market,2022,19,0.014300777041197699,0.01207319543662434,volatile
r3_qqq_calendar_market,2022,20,0.004403782787703148,0.01930921037125948,volatile
r3_qqq_calendar_market,2022,21,0.014770068634776035,0.014530075963478578,volatile
r3_qqq_calendar_market,2022,22,-0.025061728752848955,0.03023618560901358,volatile
r3_qqq_calendar_market,2022,23,0.04566219871732857,0.01738698317888816,volatile
r3_qqq_calendar_market,2022,24,0.004144354425763108,0.01165508177590754,mid
r3_qqq_calendar_market,2022,25,-0.009691282126895073,0.01347776477051344,volatile
r3_qqq_calendar_market,2022,26,0.010520270871650028,0.008367620235797499,mid
r3_qqq_calendar_market,2022,27,0.004929596172776662,0.01673563589511036,volatile
r3_qqq_calendar_market,2022,28,-0.0036946512261580855,0.01792812822131428,volatile
r3_qqq_calendar_market,2022,29,0.010703445654242805,0.00919192413201016,mid
r3_qqq_calendar_market,2022,30,0.006505225684340199,0.01438728707212178,volatile
r3_qqq_calendar_market,2022,31,-0.0038716792320121485,0.0125175459584906,volatile
r3_qqq_calendar_market,2022,32,0.005009988151608247,0.014600718765912079,volatile
r3_qqq_calendar_market,2022,33,0.00879957892340244,0.007780194885021299,quiet
r3_qqq_calendar_market,2022,34,-0.007923274615436737,0.023002231776525918,volatile
r3_qqq_calendar_market,2022,35,0.004365274936693864,0.00931783982276448,mid
r3_qqq_calendar_market,2022,36,0.0020747795105175992,0.01028306651061154,mid
r3_qqq_calendar_market,2022,37,-0.004782137597351577,0.02403924222052478,volatile
r3_qqq_calendar_market,2022,38,0.0007600101629768874,0.014232963944939878,volatile
r3_qqq_calendar_market,2022,39,0.0005520101841637315,0.018881623343922842,volatile
r3_qqq_calendar_market,2022,40,0.009311929577805245,0.012672359236684078,volatile
r3_qqq_calendar_market,2022,41,-0.009602079969527999,0.01856531478807762,volatile
r3_qqq_calendar_market,2022,42,-0.013891106846295687,0.0177516856796767,volatile
r3_qqq_calendar_market,2022,43,-0.003170808649712864,0.02706625249577116,volatile
r3_qqq_calendar_market,2022,44,0.0050113791934910945,0.008125655671614171,mid
r3_qqq_calendar_market,2022,45,0.015392071250986072,0.01670889051978764,volatile
r3_qqq_calendar_market,2022,46,0.0017125584197277832,0.0094345510309407,mid
r3_qqq_calendar_market,2022,47,0.009164534309667904,0.0097539891452496,mid
r3_qqq_calendar_market,2022,48,-0.014755987678065297,0.014613405954587419,volatile
r3_qqq_calendar_market,2022,49,-0.010101850557930558,0.0157257737614941,volatile
r3_qqq_calendar_market,2023,0,0.018073923879142195,0.012198717397463418,volatile
r3_qqq_calendar_market,2023,1,0.018269734821352968,0.00797090921260734,quiet
r3_qqq_calendar_market,2023,2,-0.018969026227999786,0.014794845019935282,volatile
r3_qqq_calendar_market,2023,3,0.0058341226971050375,0.01334731657002958,volatile
r3_qqq_calendar_market,2023,4,0.009648743298192874,0.020670723937780442,volatile
r3_qqq_calendar_market,2023,5,-0.004472863988396969,0.011330874169950678,mid
r3_qqq_calendar_market,2023,6,-0.018159786966147173,0.011672453858562162,mid
r3_qqq_calendar_market,2023,7,0.008781859306624562,0.00841661457442788,mid
r3_qqq_calendar_market,2023,8,0.011281916620812238,0.0094323555244863,mid
r3_qqq_calendar_market,2023,9,-0.016422663073862864,0.013392336062102198,volatile
r3_qqq_calendar_market,2023,10,0.006412368273147062,0.01243433189571264,volatile
r3_qqq_calendar_market,2023,11,0.005542671758065554,0.00914648290729812,mid
r3_qqq_calendar_market,2023,12,0.012179825352065854,0.008329810617870921,mid
r3_qqq_calendar_market,2023,13,0.011986731770462389,0.008398026951575741,mid
r3_qqq_calendar_market,2023,14,-0.0011226272394970205,0.0021831655804130864,quiet
r3_qqq_calendar_market,2023,15,-0.009944462021771017,0.01100940243027414,mid
r3_qqq_calendar_market,2023,16,-0.004329736917761728,0.00537678283569888,quiet
r3_qqq_calendar_market,2023,17,0.007776731838628592,0.00878746020393022,mid
r3_qqq_calendar_market,2023,18,0.008494722316673475,0.00811185887294808,mid
r3_qqq_calendar_market,2023,19,-0.014623873210115601,0.009510002796121981,mid
r3_qqq_calendar_market,2023,20,0.026564715167219477,0.010882889114007598,mid
r3_qqq_calendar_market,2023,21,0.006274311351508577,0.00682734715536016,quiet
r3_qqq_calendar_market,2023,22,0.0008406537464755726,0.0099619847776657,mid
r3_qqq_calendar_market,2023,23,-0.008248376925365508,0.010068521778102382,mid
r3_qqq_calendar_market,2023,24,0.020621008406127128,0.007731437083022599,quiet
r3_qqq_calendar_market,2023,25,0.011835353219626032,0.0032506462551352604,quiet
r3_qqq_calendar_market,2023,26,-0.014402535952262263,0.009408074682841841,mid
r3_qqq_calendar_market,2023,27,0.0013671692256991275,0.006981911815060381,quiet
r3_qqq_calendar_market,2023,28,0.005549152666837975,0.00532269338617352,quiet
r3_qqq_calendar_market,2023,29,-0.009151916155596407,0.00909106516121992,mid
r3_qqq_calendar_market,2023,30,-0.002207573682982633,0.00822511619869444,mid
r3_qqq_calendar_market,2023,31,-0.017175478388536725,0.00805946615997652,mid
r3_qqq_calendar_market,2023,32,-0.034030332553707465,0.014815598183407918,volatile
r3_qqq_calendar_market,2023,33,0.006000593120240094,0.00394626863028918,quiet
r3_qqq_calendar_market,2023,34,-0.00019389961133253752,0.007048026299689661,quiet
r3_qqq_calendar_market,2023,35,-0.03135558186936416,0.00862120413124948,mid
r3_qqq_calendar_market,2023,36,-0.03217649074025741,0.00816871367967498,mid
r3_qqq_calendar_market,2023,37,0.006800835663963167,0.00971801158230048,mid
r3_qqq_calendar_market,2023,38,0.007427499236196011,0.007457485576796439,quiet
r3_qqq_calendar_market,2023,39,-0.030659805861245837,0.008771884561251119,mid
r3_qqq_calendar_market,2023,40,-0.04076155820271565,0.012381064449756559,volatile
r3_qqq_calendar_market,2023,41,0.012223989447162853,0.011444510137585382,mid
r3_qqq_calendar_market,2023,42,0.0563615712568214,0.008758755557269458,mid
r3_qqq_calendar_market,2023,43,-0.010871260176560149,0.011026456699391838,mid
r3_qqq_calendar_market,2023,44,0.016568516710458225,0.0046202730848171805,quiet
r3_qqq_calendar_market,2023,45,0.02125011741387761,0.00167869870914338,quiet
r3_qqq_calendar_market,2023,46,0.0037587565467434025,0.006872426419914419,quiet
r3_qqq_calendar_market,2023,47,0.03883480794154698,0.006877979369456759,quiet
r3_qqq_calendar_market,2023,48,0.007559792159161138,0.008547462469117442,mid
r3_qqq_calendar_market,2023,49,0.025114237858914146,0.00289095958258858,quiet
r3_qqq_calendar_market,2024,0,-0.024092088597532424,0.0109014343047323,mid
r3_qqq_calendar_market,2024,1,0.0339784240208863,0.0022834097483857073,quiet
r3_qqq_calendar_market,2024,2,0.010034530404313569,0.00896677892300514,mid
r3_qqq_calendar_market,2024,3,0.008929114045323261,0.00591944581537956,quiet
r3_qqq_calendar_market,2024,4,-0.007615974211350851,0.01031236257569014,mid
r3_qqq_calendar_market,2024,5,-0.001003700512852368,0.008304596124928901,mid
r3_qqq_calendar_market,2024,6,0.001016755301646799,0.006901445110937999,quiet
r3_qqq_calendar_market,2024,7,-0.0037514644821848853,0.00801444086211742,mid
r3_qqq_calendar_market,2024,8,-0.007856539165213894,0.010285725554295178,mid
r3_qqq_calendar_market,2024,9,0.0006009145935859106,0.01105460556333808,mid
r3_qqq_calendar_market,2024,10,0.0064041351232833055,0.007650004957582439,quiet
r3_qqq_calendar_market,2024,11,0.021396593754064497,0.0032286560074623197,quiet
r3_qqq_calendar_market,2024,12,0.00698645106468021,0.00605565057702776,quiet
r3_qqq_calendar_market,2024,13,0.01467306660500367,0.0080622910844005,mid
r3_qqq_calendar_market,2024,14,-0.053428722622721025,0.010149969889615541,mid
r3_qqq_calendar_market,2024,15,0.016313925702020393,0.010789775512920841,mid
r3_qqq_calendar_market,2024,16,-0.030572888313279423,0.01166833842441824,mid
r3_qqq_calendar_market,2024,17,0.023088594982768273,0.006744357234448241,quiet
r3_qqq_calendar_market,2024,18,0.013572179009603336,0.0057229139496901196,quiet
r3_qqq_calendar_market,2024,19,0.016029320974266015,0.0028192259797634005,quiet
r3_qqq_calendar_market,2024,20,-0.010223566644013471,0.006577795870265619,quiet
r3_qqq_calendar_market,2024,21,0.012279729517509552,0.00585549104446288,quiet
r3_qqq_calendar_market,2024,22,0.02833987333664667,0.006891279573700381,quiet
r3_qqq_calendar_market,2024,23,-0.05878133185333201,0.006871042300186279,quiet
r3_qqq_calendar_market,2024,24,0.03137759037423332,0.005412818263730359,quiet
r3_qqq_calendar_market,2024,25,0.00886035474441138,0.006471980658006281,quiet
r3_qqq_calendar_market,2024,26,-0.0010538055902220567,0.008294272118083501,mid
r3_qqq_calendar_market,2024,27,-0.032819972623790994,0.01235201300742744,volatile
r3_qqq_calendar_market,2024,28,0.015583448509681741,0.014731103810272182,volatile
r3_qqq_calendar_market,2024,29,-0.10505501914776438,0.0234968893462979,volatile
r3_qqq_calendar_market,2024,30,-0.0605750186048728,0.014578233413534942,volatile
r3_qqq_calendar_market,2024,31,-0.015438036178786474,0.008341963726445922,mid
r3_qqq_calendar_market,2024,32,-0.006453598761120172,0.0088321486752037,mid
r3_qqq_calendar_market,2024,33,-0.01103365095345099,0.01163189920756264,mid
r3_qqq_calendar_market,2024,34,0.006118557342390307,0.014309171794366221,volatile
r3_qqq_calendar_market,2024,35,0.0031104758139916533,0.0047065473490727604,quiet
r3_qqq_calendar_market,2024,36,0.0077766361971598474,0.007052141571130819,quiet
r3_qqq_calendar_market,2024,37,-0.006250103257509632,0.00624157245668546,quiet
r3_qqq_calendar_market,2024,38,0.004106888645956874,0.00920124468721216,mid
r3_qqq_calendar_market,2024,39,-0.015456940264735874,0.00492672993950412,quiet
r3_qqq_calendar_market,2024,40,0.0011647948831289279,0.00513542380645666,quiet
r3_qqq_calendar_market,2024,41,0.008818984786902684,0.006292337060879541,quiet
r3_qqq_calendar_market,2024,42,-0.008787908753253859,0.01506657340199386,volatile
r3_qqq_calendar_market,2024,43,0.02695607926400534,0.0040944269487890195,quiet
r3_qqq_calendar_market,2024,44,-0.01444517313748761,0.00908885083169658,mid
r3_qqq_calendar_market,2024,45,0.007127261528292572,0.00400666911417418,quiet
r3_qqq_calendar_market,2024,46,0.011199743338734136,0.00754017925747596,quiet
r3_qqq_calendar_market,2024,47,-0.004820248103369895,0.00887190026163878,mid
r3_qqq_calendar_market,2024,48,0.0028221679923086107,0.013508727314585061,volatile
r3_qqq_calendar_market,2024,49,0.02132104678791269,0.009184168616937261,mid
r3_qqq_calendar_market,2025,0,0.010276052409736058,0.0095596162131668,mid
r3_qqq_calendar_market,2025,1,-0.0024729716391154177,0.00995008760671906,mid
r3_qqq_calendar_market,2025,2,-0.016417360043584184,0.00861624161573024,mid
r3_qqq_calendar_market,2025,3,-0.015179378078242656,0.01036106220487138,mid
r3_qqq_calendar_market,2025,4,-0.0019423413599070072,0.00853268680656436,mid
r3_qqq_calendar_market,2025,5,-0.0026464404105868145,0.006695149811762921,quiet
r3_qqq_calendar_market,2025,6,0.015482719653817312,0.007928726749438121,quiet
r3_qqq_calendar_market,2025,7,-0.029682635288071024,0.016210062372960778,volatile
r3_qqq_calendar_market,2025,8,-0.028967571575109208,0.01814455969671164,volatile
r3_qqq_calendar_market,2025,9,0.02299902843927204,0.012422207709023022,volatile
r3_qqq_calendar_market,2025,10,-0.00600275097547176,0.01177611610585004,mid
r3_qqq_calendar_market,2025,11,-0.005436123084572975,0.011339989336228842,mid
r3_qqq_calendar_market,2025,12,0.025689397201909436,0.02737041311554932,volatile
r3_qqq_calendar_market,2025,13,-0.04160681567847213,0.04000048903888026,volatile
r3_qqq_calendar_market,2025,14,-0.014558953777560779,0.01657666132229354,volatile
r3_qqq_calendar_market,2025,15,0.06191196820353584,0.013631943524142199,volatile
r3_qqq_calendar_market,2025,16,0.015658311151744986,0.00862655032805774,mid
r3_qqq_calendar_market,2025,17,-0.012321237297756138,0.013980787636480817,volatile
r3_qqq_calendar_market,2025,18,0.01820742784168472,0.00314277901385214,quiet
r3_qqq_calendar_market,2025,19,-0.05061463844254521,0.01057244508525056,mid
r3_qqq_calendar_market,2025,20,0.013069901295088948,0.004396029591861201,quiet
r3_qqq_calendar_market,2025,21,0.00032373040225458505,0.005744339662846239,quiet
r3_qqq_calendar_market,2025,22,-0.0015051360020388316,0.007752468604413361,quiet
r3_qqq_calendar_market,2025,23,-0.004899555355587393,0.0082715482954014,mid
r3_qqq_calendar_market,2025,24,0.013891754901365183,0.00701448049486188,quiet
r3_qqq_calendar_market,2025,25,0.0036138245332696384,0.0037738252184966402,quiet
r3_qqq_calendar_market,2025,26,0.016674423847205633,0.0029163549592918997,quiet
r3_qqq_calendar_market,2025,27,0.010018803605125692,0.00388834017945194,quiet
r3_qqq_calendar_market,2025,28,-0.025786100880470397,0.00624359335869136,quiet
r3_qqq_calendar_market,2025,29,0.020949280384269797,0.0100528850501028,mid
r3_qqq_calendar_market,2025,30,0.03384249033738601,0.00422732108133668,quiet
r3_qqq_calendar_market,2025,31,-0.00946256404603052,0.0079928102606333,quiet
r3_qqq_calendar_market,2025,32,0.018249793683546678,0.00526295664469924,quiet
r3_qqq_calendar_market,2025,33,-0.008662642951054289,0.00631415611955498,quiet
r3_qqq_calendar_market,2025,34,0.004079030170807518,0.004377602902217401,quiet
r3_qqq_calendar_market,2025,35,-0.0017748453589328528,0.0048937768243181405,quiet
r3_qqq_calendar_market,2025,36,0.00659589722227627,0.004644946640142859,quiet
r3_qqq_calendar_market,2025,37,0.019446897933314916,0.00466483925544032,quiet
r3_qqq_calendar_market,2025,38,-0.02475299742606407,0.014843898366416641,volatile
r3_qqq_calendar_market,2025,39,-0.0022908899791952986,0.007298468938223619,quiet
r3_qqq_calendar_market,2025,40,0.004694596253080774,0.00931754254527854,mid
r3_qqq_calendar_market,2025,41,0.0265450959653733,0.0074291869135626794,quiet
r3_qqq_calendar_market,2025,42,-0.011377192553067017,0.01416804529788076,volatile
r3_qqq_calendar_market,2025,43,-0.01394805482928596,0.006683171267455999,quiet
r3_qqq_calendar_market,2025,44,-0.06126120489430753,0.014979228937941142,volatile
r3_qqq_calendar_market,2025,45,0.038678613124441985,0.006835267464860339,quiet
r3_qqq_calendar_market,2025,46,0.004160711846904974,0.00211865189353466,quiet
r3_qqq_calendar_market,2025,47,-0.0016685546386465688,0.006728469913583661,quiet
r3_qqq_calendar_market,2025,48,-0.008703103013908309,0.011100524671662022,mid
r3_qqq_calendar_market,2025,49,0.02190018734703153,0.0036920011127991757,quiet
r4_plus_uncertainty,2022,0,-0.032680819146825524,0.013086677257914181,volatile
r4_plus_uncertainty,2022,1,0.007447912239521848,0.01021265250742596,mid
r4_plus_uncertainty,2022,2,-0.0005975137060264535,0.0164029308783137,volatile
r4_plus_uncertainty,2022,3,-0.021265928692128733,0.019501301356497802,volatile
r4_plus_uncertainty,2022,4,0.0007559677211524951,0.01537493420604184,volatile
r4_plus_uncertainty,2022,5,-0.021978812225506572,0.01770167086346356,volatile
r4_plus_uncertainty,2022,6,0.011436723467605825,0.01531457530698844,volatile
r4_plus_uncertainty,2022,7,-0.0017685471884060222,0.01855878584663962,volatile
r4_plus_uncertainty,2022,8,0.006634401671367085,0.017572584604262382,volatile
r4_plus_uncertainty,2022,9,-0.0955376905527634,0.023553046440692536,volatile
r4_plus_uncertainty,2022,10,-0.04951515856426136,0.018191255740354923,volatile
r4_plus_uncertainty,2022,11,-0.0002554007390803692,0.013942208882078838,volatile
r4_plus_uncertainty,2022,12,-0.004619312714315815,0.013663789313922819,volatile
r4_plus_uncertainty,2022,13,-0.03649066131608181,0.01331561559402924,volatile
r4_plus_uncertainty,2022,14,-0.00484940768393427,0.016164036038895258,volatile
r4_plus_uncertainty,2022,15,0.007186608563739427,0.019976324663368898,volatile
r4_plus_uncertainty,2022,16,-0.045853074401077,0.02636399383838514,volatile
r4_plus_uncertainty,2022,17,-0.001344338025549563,0.029165047630601744,volatile
r4_plus_uncertainty,2022,18,-0.010206148683669314,0.0252649637045455,volatile
r4_plus_uncertainty,2022,19,-0.002649140280169604,0.01207319543662434,volatile
r4_plus_uncertainty,2022,20,-0.02096963624145154,0.01930921037125948,volatile
r4_plus_uncertainty,2022,21,0.028391715816383,0.014530075963478578,volatile
r4_plus_uncertainty,2022,22,-0.05894409391860056,0.03023618560901358,volatile
r4_plus_uncertainty,2022,23,0.03296845411255378,0.01738698317888816,volatile
r4_plus_uncertainty,2022,24,0.014778935105760449,0.01165508177590754,mid
r4_plus_uncertainty,2022,25,-0.018402028591286812,0.01347776477051344,volatile
r4_plus_uncertainty,2022,26,0.02105084359212034,0.008367620235797499,mid
r4_plus_uncertainty,2022,27,0.004690213574808699,0.01673563589511036,volatile
r4_plus_uncertainty,2022,28,0.0015631490982743745,0.01792812822131428,volatile
r4_plus_uncertainty,2022,29,0.013060317071860728,0.00919192413201016,mid
r4_plus_uncertainty,2022,30,0.006205909866444759,0.01438728707212178,volatile
r4_plus_uncertainty,2022,31,-0.004272451995287918,0.0125175459584906,volatile
r4_plus_uncertainty,2022,32,-0.0013262496589451223,0.014600718765912079,volatile
r4_plus_uncertainty,2022,33,-0.00020988021179702,0.007780194885021299,quiet
r4_plus_uncertainty,2022,34,-0.0210115523044746,0.023002231776525918,volatile
r4_plus_uncertainty,2022,35,0.007917588544453957,0.00931783982276448,mid
r4_plus_uncertainty,2022,36,0.0009908389075713453,0.01028306651061154,mid
r4_plus_uncertainty,2022,37,-0.0036610913782710863,0.02403924222052478,volatile
r4_plus_uncertainty,2022,38,-0.0004311829513170551,0.014232963944939878,volatile
r4_plus_uncertainty,2022,39,-0.0021548370749207013,0.018881623343922842,volatile
r4_plus_uncertainty,2022,40,0.014050051306312428,0.012672359236684078,volatile
r4_plus_uncertainty,2022,41,-0.008367936477854832,0.01856531478807762,volatile
r4_plus_uncertainty,2022,42,-0.01414456177569634,0.0177516856796767,volatile
r4_plus_uncertainty,2022,43,-0.013818777425390616,0.02706625249577116,volatile
r4_plus_uncertainty,2022,44,-0.00029484514055766464,0.008125655671614171,mid
r4_plus_uncertainty,2022,45,-0.0015782191306551452,0.01670889051978764,volatile
r4_plus_uncertainty,2022,46,0.00897808615173279,0.0094345510309407,mid
r4_plus_uncertainty,2022,47,0.013123176951618243,0.0097539891452496,mid
r4_plus_uncertainty,2022,48,-0.004600008737151495,0.014613405954587419,volatile
r4_plus_uncertainty,2022,49,-0.010208240093330878,0.0157257737614941,volatile
r4_plus_uncertainty,2023,0,0.01794227743887311,0.012198717397463418,volatile
r4_plus_uncertainty,2023,1,0.012091832381236345,0.00797090921260734,quiet
r4_plus_uncertainty,2023,2,0.0005903541557410463,0.014794845019935282,volatile
r4_plus_uncertainty,2023,3,0.003138801325045959,0.01334731657002958,volatile
r4_plus_uncertainty,2023,4,0.023036165912337037,0.020670723937780442,volatile
r4_plus_uncertainty,2023,5,-0.005107478571423907,0.011330874169950678,mid
r4_plus_uncertainty,2023,6,-0.020395781201204555,0.011672453858562162,mid
r4_plus_uncertainty,2023,7,0.024455063725897452,0.00841661457442788,mid
r4_plus_uncertainty,2023,8,0.014758828814347758,0.0094323555244863,mid
r4_plus_uncertainty,2023,9,-0.03689550335193359,0.013392336062102198,volatile
r4_plus_uncertainty,2023,10,0.0034897825579630615,0.01243433189571264,volatile
r4_plus_uncertainty,2023,11,0.01639849880125477,0.00914648290729812,mid
r4_plus_uncertainty,2023,12,0.026033720370795876,0.008329810617870921,mid
r4_plus_uncertainty,2023,13,-0.0013152872709872865,0.008398026951575741,mid
r4_plus_uncertainty,2023,14,0.013852027626675423,0.0021831655804130864,quiet
r4_plus_uncertainty,2023,15,-0.004109693889819521,0.01100940243027414,mid
r4_plus_uncertainty,2023,16,0.014716533647019858,0.00537678283569888,quiet
r4_plus_uncertainty,2023,17,0.010854954297942032,0.00878746020393022,mid
r4_plus_uncertainty,2023,18,0.011824628204806342,0.00811185887294808,mid
r4_plus_uncertainty,2023,19,-0.011245510116467683,0.009510002796121981,mid
r4_plus_uncertainty,2023,20,0.00889342855072861,0.010882889114007598,mid
r4_plus_uncertainty,2023,21,0.006642163642126109,0.00682734715536016,quiet
r4_plus_uncertainty,2023,22,-0.004174107980670971,0.0099619847776657,mid
r4_plus_uncertainty,2023,23,-0.022984644753970107,0.010068521778102382,mid
r4_plus_uncertainty,2023,24,0.028474491595642526,0.007731437083022599,quiet
r4_plus_uncertainty,2023,25,0.028966822365098677,0.0032506462551352604,quiet
r4_plus_uncertainty,2023,26,-0.035067791592988784,0.009408074682841841,mid
r4_plus_uncertainty,2023,27,-0.0089595960036013,0.006981911815060381,quiet
r4_plus_uncertainty,2023,28,-0.002100765840906349,0.00532269338617352,quiet
r4_plus_uncertainty,2023,29,-0.03128807739134842,0.00909106516121992,mid
r4_plus_uncertainty,2023,30,-0.0022872772316827605,0.00822511619869444,mid
r4_plus_uncertainty,2023,31,-0.0008288418199521308,0.00805946615997652,mid
r4_plus_uncertainty,2023,32,-0.04202264963913449,0.014815598183407918,volatile
r4_plus_uncertainty,2023,33,0.020817901249623627,0.00394626863028918,quiet
r4_plus_uncertainty,2023,34,-0.001701787237680441,0.007048026299689661,quiet
r4_plus_uncertainty,2023,35,-0.0194804557135021,0.00862120413124948,mid
r4_plus_uncertainty,2023,36,-0.02661283275030124,0.00816871367967498,mid
r4_plus_uncertainty,2023,37,0.0007420418906116666,0.00971801158230048,mid
r4_plus_uncertainty,2023,38,0.0027997379171377235,0.007457485576796439,quiet
r4_plus_uncertainty,2023,39,-0.04910871371416303,0.008771884561251119,mid
r4_plus_uncertainty,2023,40,-0.02747742275795506,0.012381064449756559,volatile
r4_plus_uncertainty,2023,41,0.0030387893736912863,0.011444510137585382,mid
r4_plus_uncertainty,2023,42,0.06727877327791643,0.008758755557269458,mid
r4_plus_uncertainty,2023,43,-0.00883382716719594,0.011026456699391838,mid
r4_plus_uncertainty,2023,44,0.014466485536290263,0.0046202730848171805,quiet
r4_plus_uncertainty,2023,45,0.017777759594725828,0.00167869870914338,quiet
r4_plus_uncertainty,2023,46,-0.000611690556067801,0.006872426419914419,quiet
r4_plus_uncertainty,2023,47,0.04892039088957312,0.006877979369456759,quiet
r4_plus_uncertainty,2023,48,0.0046011174646424235,0.008547462469117442,mid
r4_plus_uncertainty,2023,49,0.01673455997382567,0.00289095958258858,quiet
r4_plus_uncertainty,2024,0,-0.014374740590343937,0.0109014343047323,mid
r4_plus_uncertainty,2024,1,0.028232060602770503,0.0022834097483857073,quiet
r4_plus_uncertainty,2024,2,0.004348166152606581,0.00896677892300514,mid
r4_plus_uncertainty,2024,3,-0.0032961907239105193,0.00591944581537956,quiet
r4_plus_uncertainty,2024,4,0.00243284369203578,0.01031236257569014,mid
r4_plus_uncertainty,2024,5,-0.006542878878780134,0.008304596124928901,mid
r4_plus_uncertainty,2024,6,-0.0003083056298242015,0.006901445110937999,quiet
r4_plus_uncertainty,2024,7,-0.0035229336272087908,0.00801444086211742,mid
r4_plus_uncertainty,2024,8,0.006046211257794476,0.010285725554295178,mid
r4_plus_uncertainty,2024,9,0.005785269151725059,0.01105460556333808,mid
r4_plus_uncertainty,2024,10,0.00737387754757679,0.007650004957582439,quiet
r4_plus_uncertainty,2024,11,0.008504876529731864,0.0032286560074623197,quiet
r4_plus_uncertainty,2024,12,-0.004061426540504676,0.00605565057702776,quiet
r4_plus_uncertainty,2024,13,0.017074332745004916,0.0080622910844005,mid
r4_plus_uncertainty,2024,14,-0.09694784197088102,0.010149969889615541,mid
r4_plus_uncertainty,2024,15,0.00627380708591363,0.010789775512920841,mid
r4_plus_uncertainty,2024,16,-0.023214425764718105,0.01166833842441824,mid
r4_plus_uncertainty,2024,17,0.019079329505511833,0.006744357234448241,quiet
r4_plus_uncertainty,2024,18,0.018194749445044345,0.0057229139496901196,quiet
r4_plus_uncertainty,2024,19,0.010363713957609433,0.0028192259797634005,quiet
r4_plus_uncertainty,2024,20,-0.009449538384215472,0.006577795870265619,quiet
r4_plus_uncertainty,2024,21,0.014497940856018188,0.00585549104446288,quiet
r4_plus_uncertainty,2024,22,0.024033285703475404,0.006891279573700381,quiet
r4_plus_uncertainty,2024,23,-0.04862851228624554,0.006871042300186279,quiet
r4_plus_uncertainty,2024,24,0.02203848339964698,0.005412818263730359,quiet
r4_plus_uncertainty,2024,25,0.0008533217372804214,0.006471980658006281,quiet
r4_plus_uncertainty,2024,26,-0.008705786900437773,0.008294272118083501,mid
r4_plus_uncertainty,2024,27,-0.04239611093070983,0.01235201300742744,volatile
r4_plus_uncertainty,2024,28,-0.0209394925233497,0.014731103810272182,volatile
r4_plus_uncertainty,2024,29,-0.06503287911731448,0.0234968893462979,volatile
r4_plus_uncertainty,2024,30,-0.01281510448348877,0.014578233413534942,volatile
r4_plus_uncertainty,2024,31,0.0013714026514763944,0.008341963726445922,mid
r4_plus_uncertainty,2024,32,-0.007462405660894622,0.0088321486752037,mid
r4_plus_uncertainty,2024,33,-0.012955138167306979,0.01163189920756264,mid
r4_plus_uncertainty,2024,34,0.026059000736572857,0.014309171794366221,volatile
r4_plus_uncertainty,2024,35,0.03417302410822037,0.0047065473490727604,quiet
r4_plus_uncertainty,2024,36,0.015149991326070422,0.007052141571130819,quiet
r4_plus_uncertainty,2024,37,-0.004069314025533788,0.00624157245668546,quiet
r4_plus_uncertainty,2024,38,-0.0004042909435907349,0.00920124468721216,mid
r4_plus_uncertainty,2024,39,-0.028048021950808633,0.00492672993950412,quiet
r4_plus_uncertainty,2024,40,-0.003940782726741698,0.00513542380645666,quiet
r4_plus_uncertainty,2024,41,0.004568986923222107,0.006292337060879541,quiet
r4_plus_uncertainty,2024,42,-0.0053612223290557814,0.01506657340199386,volatile
r4_plus_uncertainty,2024,43,0.008642365268497765,0.0040944269487890195,quiet
r4_plus_uncertainty,2024,44,0.0012481177312276825,0.00908885083169658,mid
r4_plus_uncertainty,2024,45,0.007376969946055967,0.00400666911417418,quiet
r4_plus_uncertainty,2024,46,0.010711208806790495,0.00754017925747596,quiet
r4_plus_uncertainty,2024,47,0.0046376539838062225,0.00887190026163878,mid
r4_plus_uncertainty,2024,48,0.007475917149369682,0.013508727314585061,volatile
r4_plus_uncertainty,2024,49,0.03444186324506282,0.009184168616937261,mid
r4_plus_uncertainty,2025,0,0.0010103348490049235,0.0095596162131668,mid
r4_plus_uncertainty,2025,1,-0.0077926333184605845,0.00995008760671906,mid
r4_plus_uncertainty,2025,2,-0.0326227802113459,0.00861624161573024,mid
r4_plus_uncertainty,2025,3,-0.008300319857464822,0.01036106220487138,mid
r4_plus_uncertainty,2025,4,-0.019459012722950142,0.00853268680656436,mid
r4_plus_uncertainty,2025,5,-0.006186519031792848,0.006695149811762921,quiet
r4_plus_uncertainty,2025,6,0.02160325345425984,0.007928726749438121,quiet
r4_plus_uncertainty,2025,7,0.01303051540701472,0.016210062372960778,volatile
r4_plus_uncertainty,2025,8,-0.03261701547101081,0.01814455969671164,volatile
r4_plus_uncertainty,2025,9,0.029972620107374448,0.012422207709023022,volatile
r4_plus_uncertainty,2025,10,-0.012697066574354876,0.01177611610585004,mid
r4_plus_uncertainty,2025,11,-0.010893779255812919,0.011339989336228842,mid
r4_plus_uncertainty,2025,12,0.026492679016746123,0.02737041311554932,volatile
r4_plus_uncertainty,2025,13,0.028999109176764737,0.04000048903888026,volatile
r4_plus_uncertainty,2025,14,0.0008439160041466831,0.01657666132229354,volatile
r4_plus_uncertainty,2025,15,0.060310438658235155,0.013631943524142199,volatile
r4_plus_uncertainty,2025,16,0.011293424058423707,0.00862655032805774,mid
r4_plus_uncertainty,2025,17,-0.017235345712997674,0.013980787636480817,volatile
r4_plus_uncertainty,2025,18,0.043951639210226656,0.00314277901385214,quiet
r4_plus_uncertainty,2025,19,-0.03110897055950479,0.01057244508525056,mid
r4_plus_uncertainty,2025,20,0.005558519886900648,0.004396029591861201,quiet
r4_plus_uncertainty,2025,21,0.011760255246338724,0.005744339662846239,quiet
r4_plus_uncertainty,2025,22,0.009673384021877007,0.007752468604413361,quiet
r4_plus_uncertainty,2025,23,0.004976579606614684,0.0082715482954014,mid
r4_plus_uncertainty,2025,24,0.016948396182320913,0.00701448049486188,quiet
r4_plus_uncertainty,2025,25,0.01312604992144345,0.0037738252184966402,quiet
r4_plus_uncertainty,2025,26,0.0030433912240366845,0.0029163549592918997,quiet
r4_plus_uncertainty,2025,27,0.0031956790238473753,0.00388834017945194,quiet
r4_plus_uncertainty,2025,28,-0.02556160562383103,0.00624359335869136,quiet
r4_plus_uncertainty,2025,29,0.021468157899882323,0.0100528850501028,mid
r4_plus_uncertainty,2025,30,0.01864078700909083,0.00422732108133668,quiet
r4_plus_uncertainty,2025,31,-0.006571159989124609,0.0079928102606333,quiet
r4_plus_uncertainty,2025,32,0.02530768036593528,0.00526295664469924,quiet
r4_plus_uncertainty,2025,33,-0.0071635099969558635,0.00631415611955498,quiet
r4_plus_uncertainty,2025,34,0.010838209529602072,0.004377602902217401,quiet
r4_plus_uncertainty,2025,35,0.00358148708893663,0.0048937768243181405,quiet
r4_plus_uncertainty,2025,36,0.009553512336370362,0.004644946640142859,quiet
r4_plus_uncertainty,2025,37,0.01498815988542207,0.00466483925544032,quiet
r4_plus_uncertainty,2025,38,-0.0209327884175583,0.014843898366416641,volatile
r4_plus_uncertainty,2025,39,0.002821998390811986,0.007298468938223619,quiet
r4_plus_uncertainty,2025,40,0.0016844530428699045,0.00931754254527854,mid
r4_plus_uncertainty,2025,41,0.014504288647942343,0.0074291869135626794,quiet
r4_plus_uncertainty,2025,42,-0.011121339415913534,0.01416804529788076,volatile
r4_plus_uncertainty,2025,43,-0.019500663845167132,0.006683171267455999,quiet
r4_plus_uncertainty,2025,44,-0.08027719052365079,0.014979228937941142,volatile
r4_plus_uncertainty,2025,45,0.031998102605241774,0.006835267464860339,quiet
r4_plus_uncertainty,2025,46,0.009507003874243941,0.00211865189353466,quiet
r4_plus_uncertainty,2025,47,-0.007929945352505352,0.006728469913583661,quiet
r4_plus_uncertainty,2025,48,-0.014215930487036843,0.011100524671662022,mid
r4_plus_uncertainty,2025,49,0.01283141436192059,0.0036920011127991757,quiet
r5_plus_fed,2022,0,-0.01946527842426582,0.013086677257914181,volatile
r5_plus_fed,2022,1,0.007666718177137544,0.01021265250742596,mid
r5_plus_fed,2022,2,-0.00046796378933167126,0.0164029308783137,volatile
r5_plus_fed,2022,3,-0.007559467702939249,0.019501301356497802,volatile
r5_plus_fed,2022,4,0.017989715142978757,0.01537493420604184,volatile
r5_plus_fed,2022,5,-0.02307967268540434,0.01770167086346356,volatile
r5_plus_fed,2022,6,0.0006826350946217419,0.01531457530698844,volatile
r5_plus_fed,2022,7,-0.0008481744041615169,0.01855878584663962,volatile
r5_plus_fed,2022,8,0.02015419625163828,0.017572584604262382,volatile
r5_plus_fed,2022,9,-0.08172214322394322,0.023553046440692536,volatile
r5_plus_fed,2022,10,-0.040360042516747296,0.018191255740354923,volatile
r5_plus_fed,2022,11,0.00908589003790472,0.013942208882078838,volatile
r5_plus_fed,2022,12,0.010693442925177599,0.013663789313922819,volatile
r5_plus_fed,2022,13,-0.035899397609450934,0.01331561559402924,volatile
r5_plus_fed,2022,14,0.0029547341926660087,0.016164036038895258,volatile
r5_plus_fed,2022,15,0.01893114215641778,0.019976324663368898,volatile
r5_plus_fed,2022,16,-0.0686899629459361,0.02636399383838514,volatile
r5_plus_fed,2022,17,0.001973270978157249,0.029165047630601744,volatile
r5_plus_fed,2022,18,-0.004268959070591993,0.0252649637045455,volatile
r5_plus_fed,2022,19,-0.008590916099257162,0.01207319543662434,volatile
r5_plus_fed,2022,20,0.000630041353419375,0.01930921037125948,volatile
r5_plus_fed,2022,21,0.012261966988112216,0.014530075963478578,volatile
r5_plus_fed,2022,22,-0.0463311153069037,0.03023618560901358,volatile
r5_plus_fed,2022,23,0.015230615179519291,0.01738698317888816,volatile
r5_plus_fed,2022,24,0.013706574736480626,0.01165508177590754,mid
r5_plus_fed,2022,25,-0.003028149897008836,0.01347776477051344,volatile
r5_plus_fed,2022,26,0.009950783711260347,0.008367620235797499,mid
r5_plus_fed,2022,27,0.0008058496049272446,0.01673563589511036,volatile
r5_plus_fed,2022,28,-0.0008653878076030352,0.01792812822131428,volatile
r5_plus_fed,2022,29,-7.163515343910909e-06,0.00919192413201016,mid
r5_plus_fed,2022,30,0.004134827889186399,0.01438728707212178,volatile
r5_plus_fed,2022,31,0.002812250123079174,0.0125175459584906,volatile
r5_plus_fed,2022,32,-0.005053108305709153,0.014600718765912079,volatile
r5_plus_fed,2022,33,-0.007095450933593095,0.007780194885021299,quiet
r5_plus_fed,2022,34,-0.02079746638831448,0.023002231776525918,volatile
r5_plus_fed,2022,35,-0.003494224038837923,0.00931783982276448,mid
r5_plus_fed,2022,36,-0.00028629892515213973,0.01028306651061154,mid
r5_plus_fed,2022,37,-0.01460537210150259,0.02403924222052478,volatile
r5_plus_fed,2022,38,-0.01245340453276278,0.014232963944939878,volatile
r5_plus_fed,2022,39,0.0004203256193212601,0.018881623343922842,volatile
r5_plus_fed,2022,40,0.014987169910116838,0.012672359236684078,volatile
r5_plus_fed,2022,41,-0.01841390626456807,0.01856531478807762,volatile
r5_plus_fed,2022,42,-0.004322919426423044,0.0177516856796767,volatile
r5_plus_fed,2022,43,-0.012242959929802621,0.02706625249577116,volatile
r5_plus_fed,2022,44,0.0012861092986781175,0.008125655671614171,mid
r5_plus_fed,2022,45,0.001984964745681883,0.01670889051978764,volatile
r5_plus_fed,2022,46,0.006836210999270398,0.0094345510309407,mid
r5_plus_fed,2022,47,0.015903448292392375,0.0097539891452496,mid
r5_plus_fed,2022,48,-0.004179575126716739,0.014613405954587419,volatile
r5_plus_fed,2022,49,-0.011491291895844524,0.0157257737614941,volatile
r5_plus_fed,2023,0,-0.0018000598762363262,0.012198717397463418,volatile
r5_plus_fed,2023,1,3.696916575979259e-06,0.00797090921260734,quiet
r5_plus_fed,2023,2,-0.017654587205817363,0.014794845019935282,volatile
r5_plus_fed,2023,3,-0.018488022187522324,0.01334731657002958,volatile
r5_plus_fed,2023,4,0.01085850758137008,0.020670723937780442,volatile
r5_plus_fed,2023,5,-0.008591942532604757,0.011330874169950678,mid
r5_plus_fed,2023,6,-0.01945954376090675,0.011672453858562162,mid
r5_plus_fed,2023,7,-0.0014659333973363609,0.00841661457442788,mid
r5_plus_fed,2023,8,0.016318133587277184,0.0094323555244863,mid
r5_plus_fed,2023,9,-0.0013853761352659033,0.013392336062102198,volatile
r5_plus_fed,2023,10,-0.017028793391140384,0.01243433189571264,volatile
r5_plus_fed,2023,11,0.022576359092825404,0.00914648290729812,mid
r5_plus_fed,2023,12,0.02625775951819931,0.008329810617870921,mid
r5_plus_fed,2023,13,0.00775009566440199,0.008398026951575741,mid
r5_plus_fed,2023,14,-0.00738788517780925,0.0021831655804130864,quiet
r5_plus_fed,2023,15,-0.009771902354469786,0.01100940243027414,mid
r5_plus_fed,2023,16,0.019064613488516957,0.00537678283569888,quiet
r5_plus_fed,2023,17,0.013691416347722307,0.00878746020393022,mid
r5_plus_fed,2023,18,0.008346365315391124,0.00811185887294808,mid
r5_plus_fed,2023,19,-0.010871221084900684,0.009510002796121981,mid
r5_plus_fed,2023,20,0.026724358044186602,0.010882889114007598,mid
r5_plus_fed,2023,21,0.005964154236408947,0.00682734715536016,quiet
r5_plus_fed,2023,22,-0.004310347971036688,0.0099619847776657,mid
r5_plus_fed,2023,23,-0.03387270443487844,0.010068521778102382,mid
r5_plus_fed,2023,24,0.023459609784413638,0.007731437083022599,quiet
r5_plus_fed,2023,25,0.010641513915933376,0.0032506462551352604,quiet
r5_plus_fed,2023,26,-0.038981457766238736,0.009408074682841841,mid
r5_plus_fed,2023,27,-0.0050385102994553455,0.006981911815060381,quiet
r5_plus_fed,2023,28,-0.005667896003391126,0.00532269338617352,quiet
r5_plus_fed,2023,29,-0.03898138408872409,0.00909106516121992,mid
r5_plus_fed,2023,30,-0.007185197229956919,0.00822511619869444,mid
r5_plus_fed,2023,31,-0.01359611144471884,0.00805946615997652,mid
r5_plus_fed,2023,32,-0.03564172315459557,0.014815598183407918,volatile
r5_plus_fed,2023,33,0.02140616443985649,0.00394626863028918,quiet
r5_plus_fed,2023,34,-2.3737704384685365e-05,0.007048026299689661,quiet
r5_plus_fed,2023,35,-0.024591453390634732,0.00862120413124948,mid
r5_plus_fed,2023,36,-0.01296213922926892,0.00816871367967498,mid
r5_plus_fed,2023,37,0.007751428245108438,0.00971801158230048,mid
r5_plus_fed,2023,38,0.01836355745690843,0.007457485576796439,quiet
r5_plus_fed,2023,39,-0.04838889150771486,0.008771884561251119,mid
r5_plus_fed,2023,40,-0.03976917591787388,0.012381064449756559,volatile
r5_plus_fed,2023,41,0.007730418569524833,0.011444510137585382,mid
r5_plus_fed,2023,42,0.04311652539488142,0.008758755557269458,mid
r5_plus_fed,2023,43,-0.01924784038416061,0.011026456699391838,mid
r5_plus_fed,2023,44,0.021087760933871713,0.0046202730848171805,quiet
r5_plus_fed,2023,45,0.014054693555974856,0.00167869870914338,quiet
r5_plus_fed,2023,46,0.00223545088469268,0.006872426419914419,quiet
r5_plus_fed,2023,47,0.030855490335019886,0.006877979369456759,quiet
r5_plus_fed,2023,48,-5.062634641050945e-05,0.008547462469117442,mid
r5_plus_fed,2023,49,0.019957712642145797,0.00289095958258858,quiet
r5_plus_fed,2024,0,-0.014323852656321745,0.0109014343047323,mid
r5_plus_fed,2024,1,0.038218181224626835,0.0022834097483857073,quiet
r5_plus_fed,2024,2,0.003551730321380786,0.00896677892300514,mid
r5_plus_fed,2024,3,-0.0009152944660969498,0.00591944581537956,quiet
r5_plus_fed,2024,4,0.0067470475949042985,0.01031236257569014,mid
r5_plus_fed,2024,5,-0.00879057536240635,0.008304596124928901,mid
r5_plus_fed,2024,6,0.000594653526874489,0.006901445110937999,quiet
r5_plus_fed,2024,7,-0.011289697581681302,0.00801444086211742,mid
r5_plus_fed,2024,8,-0.0026203316887559724,0.010285725554295178,mid
r5_plus_fed,2024,9,-0.003788113014236205,0.01105460556333808,mid
r5_plus_fed,2024,10,0.013480643332299369,0.007650004957582439,quiet
r5_plus_fed,2024,11,0.01575141635055205,0.0032286560074623197,quiet
r5_plus_fed,2024,12,-0.007251395417282702,0.00605565057702776,quiet
r5_plus_fed,2024,13,0.019968598949239635,0.0080622910844005,mid
r5_plus_fed,2024,14,-0.06896866089310971,0.010149969889615541,mid
r5_plus_fed,2024,15,-0.00036558145862253255,0.010789775512920841,mid
r5_plus_fed,2024,16,0.0014671974161406531,0.01166833842441824,mid
r5_plus_fed,2024,17,0.013186535461287341,0.006744357234448241,quiet
r5_plus_fed,2024,18,0.005555798121439914,0.0057229139496901196,quiet
r5_plus_fed,2024,19,0.005887331470021684,0.0028192259797634005,quiet
r5_plus_fed,2024,20,-0.0012102313639168472,0.006577795870265619,quiet
r5_plus_fed,2024,21,0.0211536689721481,0.00585549104446288,quiet
r5_plus_fed,2024,22,0.021463896945933425,0.006891279573700381,quiet
r5_plus_fed,2024,23,-0.013553315610025485,0.006871042300186279,quiet
r5_plus_fed,2024,24,0.017709526362026162,0.005412818263730359,quiet
r5_plus_fed,2024,25,-0.003414456148942535,0.006471980658006281,quiet
r5_plus_fed,2024,26,-0.007281421526716181,0.008294272118083501,mid
r5_plus_fed,2024,27,-0.03973098574576617,0.01235201300742744,volatile
r5_plus_fed,2024,28,-0.027230944640420862,0.014731103810272182,volatile
r5_plus_fed,2024,29,-0.05163548976563659,0.0234968893462979,volatile
r5_plus_fed,2024,30,-0.004666203361818999,0.014578233413534942,volatile
r5_plus_fed,2024,31,-0.0008662252007411997,0.008341963726445922,mid
r5_plus_fed,2024,32,-0.0037345974965261597,0.0088321486752037,mid
r5_plus_fed,2024,33,0.0036747437454036636,0.01163189920756264,mid
r5_plus_fed,2024,34,0.03779881621554648,0.014309171794366221,volatile
r5_plus_fed,2024,35,-0.0017662481725123635,0.0047065473490727604,quiet
r5_plus_fed,2024,36,0.010042888135228911,0.007052141571130819,quiet
r5_plus_fed,2024,37,-0.0012911297939693922,0.00624157245668546,quiet
r5_plus_fed,2024,38,0.018295807125061625,0.00920124468721216,mid
r5_plus_fed,2024,39,-0.01309120992419499,0.00492672993950412,quiet
r5_plus_fed,2024,40,0.009425398075470826,0.00513542380645666,quiet
r5_plus_fed,2024,41,0.03061258498328362,0.006292337060879541,quiet
r5_plus_fed,2024,42,-0.009843567330283687,0.01506657340199386,volatile
r5_plus_fed,2024,43,0.017616073847735614,0.0040944269487890195,quiet
r5_plus_fed,2024,44,-0.0011112216990007973,0.00908885083169658,mid
r5_plus_fed,2024,45,0.011665736372386382,0.00400666911417418,quiet
r5_plus_fed,2024,46,0.01615183354749966,0.00754017925747596,quiet
r5_plus_fed,2024,47,0.00839851061931196,0.00887190026163878,mid
r5_plus_fed,2024,48,0.005999817901451765,0.013508727314585061,volatile
r5_plus_fed,2024,49,0.04759253621818127,0.009184168616937261,mid
r5_plus_fed,2025,0,-0.004025980577968213,0.0095596162131668,mid
r5_plus_fed,2025,1,-0.012290847967055485,0.00995008760671906,mid
r5_plus_fed,2025,2,-0.012437642112208103,0.00861624161573024,mid
r5_plus_fed,2025,3,-0.00574190449320422,0.01036106220487138,mid
r5_plus_fed,2025,4,-0.0012213172658136484,0.00853268680656436,mid
r5_plus_fed,2025,5,-0.0025275609669213606,0.006695149811762921,quiet
r5_plus_fed,2025,6,0.015755350701261883,0.007928726749438121,quiet
r5_plus_fed,2025,7,-0.014235178873796439,0.016210062372960778,volatile
r5_plus_fed,2025,8,0.0298816273805651,0.01814455969671164,volatile
r5_plus_fed,2025,9,-0.007648081691891684,0.012422207709023022,volatile
r5_plus_fed,2025,10,-0.005072187807222295,0.01177611610585004,mid
r5_plus_fed,2025,11,-0.029404753505011816,0.011339989336228842,mid
r5_plus_fed,2025,12,0.012460317906468177,0.02737041311554932,volatile
r5_plus_fed,2025,13,-0.047478625597277446,0.04000048903888026,volatile
r5_plus_fed,2025,14,-0.03289459196641231,0.01657666132229354,volatile
r5_plus_fed,2025,15,0.0872318793702691,0.013631943524142199,volatile
r5_plus_fed,2025,16,-0.0054036452678082325,0.00862655032805774,mid
r5_plus_fed,2025,17,-0.013798268831592297,0.013980787636480817,volatile
r5_plus_fed,2025,18,0.017901214327261883,0.00314277901385214,quiet
r5_plus_fed,2025,19,-0.030955272796590383,0.01057244508525056,mid
r5_plus_fed,2025,20,0.015710284036577538,0.004396029591861201,quiet
r5_plus_fed,2025,21,0.01457647685662361,0.005744339662846239,quiet
r5_plus_fed,2025,22,0.004870261923077823,0.007752468604413361,quiet
r5_plus_fed,2025,23,-0.019709709645669427,0.0082715482954014,mid
r5_plus_fed,2025,24,0.014467768382382729,0.00701448049486188,quiet
r5_plus_fed,2025,25,0.008912105862495079,0.0037738252184966402,quiet
r5_plus_fed,2025,26,0.011269356048591417,0.0029163549592918997,quiet
r5_plus_fed,2025,27,0.013788471769145716,0.00388834017945194,quiet
r5_plus_fed,2025,28,-0.017506527891055224,0.00624359335869136,quiet
r5_plus_fed,2025,29,0.012127343175104,0.0100528850501028,mid
r5_plus_fed,2025,30,0.03875506327271322,0.00422732108133668,quiet
r5_plus_fed,2025,31,-0.018258960345684527,0.0079928102606333,quiet
r5_plus_fed,2025,32,0.015165343596756475,0.00526295664469924,quiet
r5_plus_fed,2025,33,-0.010669514132816194,0.00631415611955498,quiet
r5_plus_fed,2025,34,0.01387385294282062,0.004377602902217401,quiet
r5_plus_fed,2025,35,-0.002735547192475263,0.0048937768243181405,quiet
r5_plus_fed,2025,36,0.009172954339238204,0.004644946640142859,quiet
r5_plus_fed,2025,37,0.018073253491880242,0.00466483925544032,quiet
r5_plus_fed,2025,38,-0.02366289507842101,0.014843898366416641,volatile
r5_plus_fed,2025,39,-0.001247182433718852,0.007298468938223619,quiet
r5_plus_fed,2025,40,0.006943266841129114,0.00931754254527854,mid
r5_plus_fed,2025,41,0.022427427133557887,0.0074291869135626794,quiet
r5_plus_fed,2025,42,-0.02430153730546203,0.01416804529788076,volatile
r5_plus_fed,2025,43,-0.011115152837552267,0.006683171267455999,quiet
r5_plus_fed,2025,44,-0.03826217633740758,0.014979228937941142,volatile
r5_plus_fed,2025,45,0.019616258990721114,0.006835267464860339,quiet
r5_plus_fed,2025,46,0.014141220271590538,0.00211865189353466,quiet
r5_plus_fed,2025,47,-0.008594945889065508,0.006728469913583661,quiet
r5_plus_fed,2025,48,-0.005516790562813179,0.011100524671662022,mid
r5_plus_fed,2025,49,0.017965240974687935,0.0036920011127991757,quiet
r6_plus_gdelt_fed_recession,2022,0,-0.03748733210028976,0.013086677257914181,volatile
r6_plus_gdelt_fed_recession,2022,1,0.0007198958449479709,0.01021265250742596,mid
r6_plus_gdelt_fed_recession,2022,2,-0.0058586333510186606,0.0164029308783137,volatile
r6_plus_gdelt_fed_recession,2022,3,0.056316265433714485,0.019501301356497802,volatile
r6_plus_gdelt_fed_recession,2022,4,0.006831756238358966,0.01537493420604184,volatile
r6_plus_gdelt_fed_recession,2022,5,-0.02176016478662801,0.01770167086346356,volatile
r6_plus_gdelt_fed_recession,2022,6,-0.010188705734741399,0.01531457530698844,volatile
r6_plus_gdelt_fed_recession,2022,7,-0.012564955939153521,0.01855878584663962,volatile
r6_plus_gdelt_fed_recession,2022,8,0.021948032940652507,0.017572584604262382,volatile
r6_plus_gdelt_fed_recession,2022,9,-0.07057405409379036,0.023553046440692536,volatile
r6_plus_gdelt_fed_recession,2022,10,-0.04734701384870921,0.018191255740354923,volatile
r6_plus_gdelt_fed_recession,2022,11,0.005491638340863636,0.013942208882078838,volatile
r6_plus_gdelt_fed_recession,2022,12,0.005232242687960853,0.013663789313922819,volatile
r6_plus_gdelt_fed_recession,2022,13,-0.037152095071008806,0.01331561559402924,volatile
r6_plus_gdelt_fed_recession,2022,14,0.00765582943747134,0.016164036038895258,volatile
r6_plus_gdelt_fed_recession,2022,15,-0.006203849235674741,0.019976324663368898,volatile
r6_plus_gdelt_fed_recession,2022,16,-0.09788789412521881,0.02636399383838514,volatile
r6_plus_gdelt_fed_recession,2022,17,-0.062222693005032026,0.029165047630601744,volatile
r6_plus_gdelt_fed_recession,2022,18,-0.005257477538124,0.0252649637045455,volatile
r6_plus_gdelt_fed_recession,2022,19,0.019064360083999865,0.01207319543662434,volatile
r6_plus_gdelt_fed_recession,2022,20,-0.015689794534595403,0.01930921037125948,volatile
r6_plus_gdelt_fed_recession,2022,21,0.007301821717202617,0.014530075963478578,volatile
r6_plus_gdelt_fed_recession,2022,22,-0.0289987495271411,0.03023618560901358,volatile
r6_plus_gdelt_fed_recession,2022,23,0.017814123701129225,0.01738698317888816,volatile
r6_plus_gdelt_fed_recession,2022,24,0.016551936089774566,0.01165508177590754,mid
r6_plus_gdelt_fed_recession,2022,25,-0.006118126314372696,0.01347776477051344,volatile
r6_plus_gdelt_fed_recession,2022,26,0.017809826058377,0.008367620235797499,mid
r6_plus_gdelt_fed_recession,2022,27,-0.001231742419144921,0.01673563589511036,volatile
r6_plus_gdelt_fed_recession,2022,28,0.005664867615438829,0.01792812822131428,volatile
r6_plus_gdelt_fed_recession,2022,29,0.02002085588465463,0.00919192413201016,mid
r6_plus_gdelt_fed_recession,2022,30,0.0026832211644721715,0.01438728707212178,volatile
r6_plus_gdelt_fed_recession,2022,31,0.0034085912123293927,0.0125175459584906,volatile
r6_plus_gdelt_fed_recession,2022,32,0.0010508819849645024,0.014600718765912079,volatile
r6_plus_gdelt_fed_recession,2022,33,0.010851856480236732,0.007780194885021299,quiet
r6_plus_gdelt_fed_recession,2022,34,-0.020348021140301098,0.023002231776525918,volatile
r6_plus_gdelt_fed_recession,2022,35,-0.000899455326914822,0.00931783982276448,mid
r6_plus_gdelt_fed_recession,2022,36,-0.0004539021682683497,0.01028306651061154,mid
r6_plus_gdelt_fed_recession,2022,37,-0.0166910416936642,0.02403924222052478,volatile
r6_plus_gdelt_fed_recession,2022,38,-0.0053683744106545195,0.014232963944939878,volatile
r6_plus_gdelt_fed_recession,2022,39,-0.003505160171861532,0.018881623343922842,volatile
r6_plus_gdelt_fed_recession,2022,40,0.01797001070773241,0.012672359236684078,volatile
r6_plus_gdelt_fed_recession,2022,41,-0.009574650332132784,0.01856531478807762,volatile
r6_plus_gdelt_fed_recession,2022,42,-0.01815760840214109,0.0177516856796767,volatile
r6_plus_gdelt_fed_recession,2022,43,-0.02476116622763813,0.02706625249577116,volatile
r6_plus_gdelt_fed_recession,2022,44,0.004613030629109782,0.008125655671614171,mid
r6_plus_gdelt_fed_recession,2022,45,0.0038055617932204466,0.01670889051978764,volatile
r6_plus_gdelt_fed_recession,2022,46,0.013845818451606151,0.0094345510309407,mid
r6_plus_gdelt_fed_recession,2022,47,0.015146215924876028,0.0097539891452496,mid
r6_plus_gdelt_fed_recession,2022,48,0.02141416897721471,0.014613405954587419,volatile
r6_plus_gdelt_fed_recession,2022,49,-0.015420703026789995,0.0157257737614941,volatile
r6_plus_gdelt_fed_recession,2023,0,0.006262049842550632,0.012198717397463418,volatile
r6_plus_gdelt_fed_recession,2023,1,0.04550067857310547,0.00797090921260734,quiet
r6_plus_gdelt_fed_recession,2023,2,-0.010137462762166205,0.014794845019935282,volatile
r6_plus_gdelt_fed_recession,2023,3,-0.006596180022060416,0.01334731657002958,volatile
r6_plus_gdelt_fed_recession,2023,4,0.009887323106173351,0.020670723937780442,volatile
r6_plus_gdelt_fed_recession,2023,5,-0.007769997140433138,0.011330874169950678,mid
r6_plus_gdelt_fed_recession,2023,6,-0.02108017414142016,0.011672453858562162,mid
r6_plus_gdelt_fed_recession,2023,7,0.02382553045410296,0.00841661457442788,mid
r6_plus_gdelt_fed_recession,2023,8,0.00871398666715495,0.0094323555244863,mid
r6_plus_gdelt_fed_recession,2023,9,-0.053036983562410156,0.013392336062102198,volatile
r6_plus_gdelt_fed_recession,2023,10,-0.029279421886212798,0.01243433189571264,volatile
r6_plus_gdelt_fed_recession,2023,11,0.009611617544392548,0.00914648290729812,mid
r6_plus_gdelt_fed_recession,2023,12,0.02710816165120944,0.008329810617870921,mid
r6_plus_gdelt_fed_recession,2023,13,0.005698902436363618,0.008398026951575741,mid
r6_plus_gdelt_fed_recession,2023,14,0.017831607976836306,0.0021831655804130864,quiet
r6_plus_gdelt_fed_recession,2023,15,-0.014405141859489268,0.01100940243027414,mid
r6_plus_gdelt_fed_recession,2023,16,0.005631088417368424,0.00537678283569888,quiet
r6_plus_gdelt_fed_recession,2023,17,0.008918539747280518,0.00878746020393022,mid
r6_plus_gdelt_fed_recession,2023,18,0.006288599718560328,0.00811185887294808,mid
r6_plus_gdelt_fed_recession,2023,19,-0.02128232802957397,0.009510002796121981,mid
r6_plus_gdelt_fed_recession,2023,20,0.013090886291762582,0.010882889114007598,mid
r6_plus_gdelt_fed_recession,2023,21,0.0052216001076555996,0.00682734715536016,quiet
r6_plus_gdelt_fed_recession,2023,22,-0.018606121547187993,0.0099619847776657,mid
r6_plus_gdelt_fed_recession,2023,23,-0.0330620282662617,0.010068521778102382,mid
r6_plus_gdelt_fed_recession,2023,24,0.025079229919103496,0.007731437083022599,quiet
r6_plus_gdelt_fed_recession,2023,25,0.014615862256886714,0.0032506462551352604,quiet
r6_plus_gdelt_fed_recession,2023,26,-0.02709212751885548,0.009408074682841841,mid
r6_plus_gdelt_fed_recession,2023,27,-0.002547205181915757,0.006981911815060381,quiet
r6_plus_gdelt_fed_recession,2023,28,-0.006182285257310294,0.00532269338617352,quiet
r6_plus_gdelt_fed_recession,2023,29,-0.02111888622063951,0.00909106516121992,mid
r6_plus_gdelt_fed_recession,2023,30,0.02922044397645096,0.00822511619869444,mid
r6_plus_gdelt_fed_recession,2023,31,-0.006572787172079653,0.00805946615997652,mid
r6_plus_gdelt_fed_recession,2023,32,-0.05301919913780595,0.014815598183407918,volatile
r6_plus_gdelt_fed_recession,2023,33,0.05949307455046737,0.00394626863028918,quiet
r6_plus_gdelt_fed_recession,2023,34,-0.0014448315115224153,0.007048026299689661,quiet
r6_plus_gdelt_fed_recession,2023,35,-0.01606391242571381,0.00862120413124948,mid
r6_plus_gdelt_fed_recession,2023,36,0.01588264947742335,0.00816871367967498,mid
r6_plus_gdelt_fed_recession,2023,37,0.003471770426642151,0.00971801158230048,mid
r6_plus_gdelt_fed_recession,2023,38,-0.001051036679336037,0.007457485576796439,quiet
r6_plus_gdelt_fed_recession,2023,39,-0.0906830959348488,0.008771884561251119,mid
r6_plus_gdelt_fed_recession,2023,40,-0.013630757936859639,0.012381064449756559,volatile
r6_plus_gdelt_fed_recession,2023,41,0.01184995645251552,0.011444510137585382,mid
r6_plus_gdelt_fed_recession,2023,42,0.009897510677370658,0.008758755557269458,mid
r6_plus_gdelt_fed_recession,2023,43,-0.032905990626311055,0.011026456699391838,mid
r6_plus_gdelt_fed_recession,2023,44,0.010065747691278493,0.0046202730848171805,quiet
r6_plus_gdelt_fed_recession,2023,45,0.032625456994698515,0.00167869870914338,quiet
r6_plus_gdelt_fed_recession,2023,46,0.0016715384173819903,0.006872426419914419,quiet
r6_plus_gdelt_fed_recession,2023,47,0.018762564433556894,0.006877979369456759,quiet
r6_plus_gdelt_fed_recession,2023,48,0.005736064416022257,0.008547462469117442,mid
r6_plus_gdelt_fed_recession,2023,49,0.023898965665939353,0.00289095958258858,quiet
r6_plus_gdelt_fed_recession,2024,0,-0.0012558426684899926,0.0109014343047323,mid
r6_plus_gdelt_fed_recession,2024,1,0.04726908272393754,0.0022834097483857073,quiet
r6_plus_gdelt_fed_recession,2024,2,0.03630830381455774,0.00896677892300514,mid
r6_plus_gdelt_fed_recession,2024,3,0.005858949952267989,0.00591944581537956,quiet
r6_plus_gdelt_fed_recession,2024,4,-0.017460940596595864,0.01031236257569014,mid
r6_plus_gdelt_fed_recession,2024,5,-0.027735580216911804,0.008304596124928901,mid
r6_plus_gdelt_fed_recession,2024,6,-0.016396336547036316,0.006901445110937999,quiet
r6_plus_gdelt_fed_recession,2024,7,0.016754278950256052,0.00801444086211742,mid
r6_plus_gdelt_fed_recession,2024,8,0.011705872599239386,0.010285725554295178,mid
r6_plus_gdelt_fed_recession,2024,9,0.0037645477238996694,0.01105460556333808,mid
r6_plus_gdelt_fed_recession,2024,10,0.010880595827680306,0.007650004957582439,quiet
r6_plus_gdelt_fed_recession,2024,11,0.01675232595403031,0.0032286560074623197,quiet
r6_plus_gdelt_fed_recession,2024,12,0.014753659669448194,0.00605565057702776,quiet
r6_plus_gdelt_fed_recession,2024,13,0.007670026268921215,0.0080622910844005,mid
r6_plus_gdelt_fed_recession,2024,14,-0.024562749237303394,0.010149969889615541,mid
r6_plus_gdelt_fed_recession,2024,15,0.024015090534681427,0.010789775512920841,mid
r6_plus_gdelt_fed_recession,2024,16,0.0006659020418805506,0.01166833842441824,mid
r6_plus_gdelt_fed_recession,2024,17,0.018590645067879996,0.006744357234448241,quiet
r6_plus_gdelt_fed_recession,2024,18,0.004279468451796775,0.0057229139496901196,quiet
r6_plus_gdelt_fed_recession,2024,19,0.01122095508934956,0.0028192259797634005,quiet
r6_plus_gdelt_fed_recession,2024,20,-0.015328035140498408,0.006577795870265619,quiet
r6_plus_gdelt_fed_recession,2024,21,0.007125094598919857,0.00585549104446288,quiet
r6_plus_gdelt_fed_recession,2024,22,0.023611877757911848,0.006891279573700381,quiet
r6_plus_gdelt_fed_recession,2024,23,-0.005184337708691089,0.006871042300186279,quiet
r6_plus_gdelt_fed_recession,2024,24,0.03599568831430072,0.005412818263730359,quiet
r6_plus_gdelt_fed_recession,2024,25,0.0022656748163226714,0.006471980658006281,quiet
r6_plus_gdelt_fed_recession,2024,26,-0.0017682092557866902,0.008294272118083501,mid
r6_plus_gdelt_fed_recession,2024,27,-0.03150147984219198,0.01235201300742744,volatile
r6_plus_gdelt_fed_recession,2024,28,0.0017839369010101969,0.014731103810272182,volatile
r6_plus_gdelt_fed_recession,2024,29,-0.1580579280391221,0.0234968893462979,volatile
r6_plus_gdelt_fed_recession,2024,30,-0.06234379284007674,0.014578233413534942,volatile
r6_plus_gdelt_fed_recession,2024,31,0.0012523693095354282,0.008341963726445922,mid
r6_plus_gdelt_fed_recession,2024,32,0.001600949426100895,0.0088321486752037,mid
r6_plus_gdelt_fed_recession,2024,33,-0.003975719698291025,0.01163189920756264,mid
r6_plus_gdelt_fed_recession,2024,34,0.023450612437479812,0.014309171794366221,volatile
r6_plus_gdelt_fed_recession,2024,35,0.005693293981010428,0.0047065473490727604,quiet
r6_plus_gdelt_fed_recession,2024,36,0.012651399479607917,0.007052141571130819,quiet
r6_plus_gdelt_fed_recession,2024,37,-0.01694125893326348,0.00624157245668546,quiet
r6_plus_gdelt_fed_recession,2024,38,0.015382999000375874,0.00920124468721216,mid
r6_plus_gdelt_fed_recession,2024,39,-0.018788713251381373,0.00492672993950412,quiet
r6_plus_gdelt_fed_recession,2024,40,-0.0169132739650098,0.00513542380645666,quiet
r6_plus_gdelt_fed_recession,2024,41,0.014128177686749344,0.006292337060879541,quiet
r6_plus_gdelt_fed_recession,2024,42,-0.02084188023757183,0.01506657340199386,volatile
r6_plus_gdelt_fed_recession,2024,43,0.012429379541888663,0.0040944269487890195,quiet
r6_plus_gdelt_fed_recession,2024,44,-0.00921059445816097,0.00908885083169658,mid
r6_plus_gdelt_fed_recession,2024,45,0.014958135523075178,0.00400666911417418,quiet
r6_plus_gdelt_fed_recession,2024,46,0.004933464745916327,0.00754017925747596,quiet
r6_plus_gdelt_fed_recession,2024,47,-0.002990260552783841,0.00887190026163878,mid
r6_plus_gdelt_fed_recession,2024,48,0.0007972961687578994,0.013508727314585061,volatile
r6_plus_gdelt_fed_recession,2024,49,0.021932073543928787,0.009184168616937261,mid
r6_plus_gdelt_fed_recession,2025,0,0.004224735627514131,0.0095596162131668,mid
r6_plus_gdelt_fed_recession,2025,1,-0.005065099452195243,0.00995008760671906,mid
r6_plus_gdelt_fed_recession,2025,2,-0.0076514778377966275,0.00861624161573024,mid
r6_plus_gdelt_fed_recession,2025,3,-0.017138977238315256,0.01036106220487138,mid
r6_plus_gdelt_fed_recession,2025,4,-0.003985211044842507,0.00853268680656436,mid
r6_plus_gdelt_fed_recession,2025,5,-0.0045880461911174675,0.006695149811762921,quiet
r6_plus_gdelt_fed_recession,2025,6,0.014769849101185395,0.007928726749438121,quiet
r6_plus_gdelt_fed_recession,2025,7,-0.019426277663838087,0.016210062372960778,volatile
r6_plus_gdelt_fed_recession,2025,8,-0.007327229609737529,0.01814455969671164,volatile
r6_plus_gdelt_fed_recession,2025,9,0.006500113912248917,0.012422207709023022,volatile
r6_plus_gdelt_fed_recession,2025,10,0.0003366078120031757,0.01177611610585004,mid
r6_plus_gdelt_fed_recession,2025,11,-0.01786032133919735,0.011339989336228842,mid
r6_plus_gdelt_fed_recession,2025,12,-0.0596198751764474,0.02737041311554932,volatile
r6_plus_gdelt_fed_recession,2025,13,-0.08880037158112497,0.04000048903888026,volatile
r6_plus_gdelt_fed_recession,2025,14,-0.024106960677194644,0.01657666132229354,volatile
r6_plus_gdelt_fed_recession,2025,15,0.06125300996235139,0.013631943524142199,volatile
r6_plus_gdelt_fed_recession,2025,16,-0.019411587921065676,0.00862655032805774,mid
r6_plus_gdelt_fed_recession,2025,17,0.006546502004112664,0.013980787636480817,volatile
r6_plus_gdelt_fed_recession,2025,18,0.06094000017949219,0.00314277901385214,quiet
r6_plus_gdelt_fed_recession,2025,19,-0.049687674266616355,0.01057244508525056,mid
r6_plus_gdelt_fed_recession,2025,20,0.01919529764215716,0.004396029591861201,quiet
r6_plus_gdelt_fed_recession,2025,21,0.018347202210462432,0.005744339662846239,quiet
r6_plus_gdelt_fed_recession,2025,22,0.013221624910331964,0.007752468604413361,quiet
r6_plus_gdelt_fed_recession,2025,23,-0.014051610057887243,0.0082715482954014,mid
r6_plus_gdelt_fed_recession,2025,24,0.012340464758249903,0.00701448049486188,quiet
r6_plus_gdelt_fed_recession,2025,25,0.012391705076391035,0.0037738252184966402,quiet
r6_plus_gdelt_fed_recession,2025,26,0.017566903455440652,0.0029163549592918997,quiet
r6_plus_gdelt_fed_recession,2025,27,0.010939407611445295,0.00388834017945194,quiet
r6_plus_gdelt_fed_recession,2025,28,-0.010901218097079668,0.00624359335869136,quiet
r6_plus_gdelt_fed_recession,2025,29,0.03968493629441194,0.0100528850501028,mid
r6_plus_gdelt_fed_recession,2025,30,0.0393238621189555,0.00422732108133668,quiet
r6_plus_gdelt_fed_recession,2025,31,-0.011921083685989764,0.0079928102606333,quiet
r6_plus_gdelt_fed_recession,2025,32,0.025410849084322285,0.00526295664469924,quiet
r6_plus_gdelt_fed_recession,2025,33,-0.009708460096883309,0.00631415611955498,quiet
r6_plus_gdelt_fed_recession,2025,34,0.00868957777360252,0.004377602902217401,quiet
r6_plus_gdelt_fed_recession,2025,35,0.002836922421931176,0.0048937768243181405,quiet
r6_plus_gdelt_fed_recession,2025,36,0.015444522306761521,0.004644946640142859,quiet
r6_plus_gdelt_fed_recession,2025,37,0.018522849131793306,0.00466483925544032,quiet
r6_plus_gdelt_fed_recession,2025,38,-0.010287221444249317,0.014843898366416641,volatile
r6_plus_gdelt_fed_recession,2025,39,0.011217128040640068,0.007298468938223619,quiet
r6_plus_gdelt_fed_recession,2025,40,0.005345640190670631,0.00931754254527854,mid
r6_plus_gdelt_fed_recession,2025,41,0.014305537606694507,0.0074291869135626794,quiet
r6_plus_gdelt_fed_recession,2025,42,-0.010415924231906626,0.01416804529788076,volatile
r6_plus_gdelt_fed_recession,2025,43,-0.013847079340004176,0.006683171267455999,quiet
r6_plus_gdelt_fed_recession,2025,44,-0.07512626082590934,0.014979228937941142,volatile
r6_plus_gdelt_fed_recession,2025,45,0.006238956147867125,0.006835267464860339,quiet
r6_plus_gdelt_fed_recession,2025,46,0.004990824197948218,0.00211865189353466,quiet
r6_plus_gdelt_fed_recession,2025,47,0.0014567189363181576,0.006728469913583661,quiet
r6_plus_gdelt_fed_recession,2025,48,-0.005583680479501751,0.011100524671662022,mid
r6_plus_gdelt_fed_recession,2025,49,0.0027749562720613685,0.0036920011127991757,quiet
