rung,previous,fold,marginal_delta,ci_lo,ci_hi,share_windows_better
r1_qqq,r0_target,2022,0.0030959357217555127,-0.0029748695895208243,0.00994747432320899,0.44
r1_qqq,r0_target,2023,2.360592176250065e-05,-0.0045378134142150745,0.0044356322053319824,0.54
r1_qqq,r0_target,2024,-0.0034643375518235687,-0.007829228946409318,0.00035554300580937956,0.58
r1_qqq,r0_target,2025,-0.0036592395265171076,-0.009679125096089458,0.002027855128688936,0.58
r1_qqq,r0_target,pooled,-0.0010010088587056657,-0.003677016676288213,0.0016651492732209273,0.535
r2_qqq_calendar,r1_qqq,2022,0.001985670737774656,-0.0028477821769106503,0.007067908131864406,0.4
r2_qqq_calendar,r1_qqq,2023,-0.002097488510621732,-0.00601225341796451,0.0018560734151299644,0.58
r2_qqq_calendar,r1_qqq,2024,-0.00129245308256134,-0.0040073620052282904,0.0014403290138742637,0.54
r2_qqq_calendar,r1_qqq,2025,-0.0011191070195183327,-0.004761999407644712,0.002559595411219402,0.54
r2_qqq_calendar,r1_qqq,pooled,-0.0006308444687316872,-0.0025996409122882526,0.0013084611692766636,0.515
r3_qqq_calendar_market,r2_qqq_calendar,2022,-0.0022209857355890462,-0.009133674275638815,0.0034453591386594887,0.56
r3_qqq_calendar_market,r2_qqq_calendar,2023,0.0036909611023402187,0.00012426065997759366,0.007674142211510975,0.4
r3_qqq_calendar_market,r2_qqq_calendar,2024,0.0008131066951065058,-0.0028713443536809856,0.004296123067129022,0.44
r3_qqq_calendar_market,r2_qqq_calendar,2025,0.0006921442718000648,-0.0024903592875336828,0.0037653869057114476,0.52
r3_qqq_calendar_market,r2_qqq_calendar,pooled,0.0007438065834144359,-0.0015351975423218438,0.002899195190187084,0.48
r4_plus_uncertainty,r3_qqq_calendar_market,2022,-0.0023949663730211536,-0.005959105737588501,0.0012037238244961839,0.54
r4_plus_uncertainty,r3_qqq_calendar_market,2023,0.001446432923780261,-0.0014040943488622909,0.004138227192038429,0.4
r4_plus_uncertainty,r3_qqq_calendar_market,2024,0.00029804509246329156,-0.0029949186539856626,0.003918427525125571,0.5
r4_plus_uncertainty,r3_qqq_calendar_market,2025,0.0026282498443915025,-0.0012562834674685133,0.0077215053123644165,0.42
r4_plus_uncertainty,r3_qqq_calendar_market,pooled,0.0004944403719034754,-0.001235286563955707,0.0024210843496816656,0.465
r5_plus_fed,r4_plus_uncertainty,2022,0.0002766335466800041,-0.002623834935938381,0.003112942139927764,0.44
r5_plus_fed,r4_plus_uncertainty,2023,-0.0015183189886104787,-0.004924944951278719,0.002143591694699609,0.58
r5_plus_fed,r4_plus_uncertainty,2024,0.0016849203324166096,-0.0007545286465747772,0.00410790788792549,0.38
r5_plus_fed,r4_plus_uncertainty,2025,-0.0018477723238661025,-0.005720043956628283,0.0019196605033138749,0.6
r5_plus_fed,r4_plus_uncertainty,pooled,-0.0003511343583449919,-0.0019487532581839654,0.0012336170885306563,0.5
r6_plus_gdelt_fed_recession,r5_plus_fed,2022,0.0017340692503706844,-0.002266747033144305,0.006163492813234619,0.44
r6_plus_gdelt_fed_recession,r5_plus_fed,2023,0.0016336035222331347,-0.0021392761525810444,0.005396396561208269,0.52
r6_plus_gdelt_fed_recession,r5_plus_fed,2024,-0.0011326315241035555,-0.004439091027843973,0.002258201785313831,0.56
r6_plus_gdelt_fed_recession,r5_plus_fed,2025,-0.000518120747052166,-0.004837562417941816,0.0035304360391086816,0.54
r6_plus_gdelt_fed_recession,r5_plus_fed,pooled,0.0004292301253620244,-0.0014654883367722143,0.002412291351783913,0.515
r7_all_external,r6_plus_gdelt_fed_recession,2022,,,,
r7_all_external,r6_plus_gdelt_fed_recession,2023,,,,
r7_all_external,r6_plus_gdelt_fed_recession,2024,,,,
r7_all_external,r6_plus_gdelt_fed_recession,2025,,,,
r3_qqq_calendar_market-bw4,r7_all_external,2022,,,,
r3_qqq_calendar_market-bw4,r7_all_external,2023,,,,
r3_qqq_calendar_market-bw4,r7_all_external,2024,,,,
r3_qqq_calendar_market-bw4,r7_all_external,2025,,,,
r7_all_external-bw4,r3_qqq_calendar_market-bw4,2022,0.001955300002376823,-0.0035638990320741894,0.008575824189954779,0.52
r7_all_external-bw4,r3_qqq_calendar_market-bw4,2023,0.002603275348777412,-0.0013638100658482618,0.00684268446109688,0.38
r7_all_external-bw4,r3_qqq_calendar_market-bw4,2024,-0.0007724424293136368,-0.005305365577034551,0.0040528274810605214,0.52
r7_all_external-bw4,r3_qqq_calendar_market-bw4,2025,0.0012411898940114252,-0.0033420359734413914,0.006622116178857523,0.52
r7_all_external-bw4,r3_qqq_calendar_market-bw4,pooled,0.0012568307039630057,-0.0012587977410412655,0.0038524136290884773,0.485
