feature,mean_delta_wql,std_delta_wql,share_windows_positive,mean_relative_delta,known_future,mean_delta_h1,mean_delta_h2,mean_delta_h3,mean_delta_h4,mean_delta_h5
dist_200dma,0.002519470130336256,0.011117647266152634,0.62,0.00264634346652665,0,0.0026149686364732192,0.0023377739262511314,0.002945727026685396,0.002784536001037294,0.0019143450612341512
parkinson_vol_22d,0.0009064156495923936,0.007721259928287555,0.64,0.0010852066085932307,0,0.0009651443020569794,0.0011610233278913317,-0.0009500724750788316,0.0028319555684674586,0.0005240275246250676
vix_term_ratio,0.0008563990988750314,0.005742709351096598,0.5133333333333333,0.0007743032745988964,0,-0.0007615874914092704,0.0018859988785787651,0.0009812535999428878,0.0010172824678563372,0.0011590480394063712
mom_21d,0.0007303656923859511,0.008147666783837205,0.5333333333333333,0.0006385373637535569,0,0.0018848977425674528,0.0017026227925965294,-0.0008666727700716628,0.0008790000471943438,5.1980649642973666e-05
t10y2y_lag1,0.0006217875553038943,0.0036396810356457694,0.5266666666666666,0.0006410352512305989,0,0.0006590194877949812,0.00017452512400820797,0.0009944456662232953,0.00025193465508171234,0.0010290128434112848
is_cpi_day,9.464375087485063e-05,0.003639485814903185,0.5666666666666667,0.000184802447405358,1,-0.0005596422201247747,0.000516837437899881,0.0007029576354224079,0.0004887404151203659,-0.000675674513943674
is_nfp_day,-3.2523809598972904e-05,0.007106831400429261,0.5466666666666666,-0.00039962918611763485,1,-0.0005669622645543865,0.0009564133537171235,-0.0015548486253689911,0.0007584205815377395,0.0002443579066735225
days_to_month_end,-9.668715249666393e-05,0.0034028986937892102,0.5266666666666666,-1.100392246335564e-06,1,-0.0003070543677944404,-8.198835720497437e-06,0.0007343363575489951,-0.0006542903128433632,-0.000248228603673988
vxn_minus_vix,-0.00014848754657823907,0.005415076504188246,0.46,-4.757723320956183e-05,0,-0.0009563743323187783,0.0011823542496540655,-0.0006736366381301329,-0.0006769496013639021,0.0003821685892675105
cpi_yoy,-0.00015134646883439165,0.0020246196918511953,0.4266666666666667,-0.00014619562059395584,0,-1.2838838433933594e-05,0.00021311549382530215,-0.0004594483990215394,-0.0002318872336284731,-0.00026567336691341823
is_opex_week,-0.00022321103263124752,0.003278809121927514,0.4866666666666667,-0.00030423754613838756,1,-0.0008756429603602226,-0.00021276487970213698,1.319810569481994e-05,-0.0010902377486486407,0.001049392319859922
d_dgs2_bp,-0.00023235104526147854,0.005321765982115377,0.56,-0.0004034300796661714,0,-0.00058569457511617,0.00010403611185542135,0.0007367561590245654,-0.00032103925857291917,-0.0010958136634984291
days_to_fomc,-0.00039638801070567865,0.0069433360706120375,0.5,-0.0006628212597362637,1,-0.0036093513414098477,0.0002310863095128174,0.001149717307075667,-0.0001461983073864535,0.00039280597867934875
is_fomc_day,-0.0006050887363112656,0.004759545415354647,0.48,-0.0011209385426426037,1,-0.001015199576939654,-0.0013466278841885344,0.0007582493287378138,-0.0007643501830226347,-0.0006575153661434176
d_dfii10_bp,-0.0008673058919743977,0.006377613764474872,0.44666666666666666,-0.0012201490677908548,0,-0.0009581108308546984,-0.002081884730751631,-0.00020661765515531377,-0.0006228276129306853,-0.0004670886301797425
tlt_log_ret,-0.001968070912999418,0.007234447232680172,0.4066666666666667,-0.0026434699707699907,0,-0.0009149444056677758,-0.003611187589971848,-0.0013274524173615542,-0.0018899894336029254,-0.002096780718393051
volume_z_20d,-0.002044775401810524,0.005989895365909648,0.42,-0.002478275929482599,0,-0.0019699798899387873,-0.004821595570262161,-0.0005915675376865666,-0.0012956809253920445,-0.0015450530857731705
parkinson_vol_1d,-0.0032570359223485354,0.022351552299080427,0.47333333333333333,-0.004502699629313277,0,-0.005633498179525389,-0.008451723262943224,-0.0027822828453220407,-0.0024504518898149064,0.0030327765658628254
hyg_log_ret,-0.0039664841330283,0.02906849272886007,0.5733333333333334,-0.005157192858477531,0,-0.004550506612526581,-0.006462156531217716,-0.0029204560911436778,-0.005764527580444033,-0.00013477384980965104
overnight_gap,-0.005974381510248191,0.03654364723037,0.5066666666666667,-0.008353818260977662,0,-0.0047013266490293915,-0.001972693734490476,-0.011785615414454479,-0.005279995354580144,-0.006132276398686636
vxn_log_chg,-0.009083215072103927,0.05856880583155166,0.47333333333333333,-0.010632127927828436,0,-0.005645795394913595,-0.018490245860817003,0.002853155536981149,-0.02403931359923361,-9.387604253671652e-05
