feature,mean,lo,hi,share_pos
gdelt_fed_avg_tone,0.0017482514267616518,0.0002118217754443862,0.0035461584450820587,0.6
hyg_log_ret,0.0015101181514123626,-0.003164254723297604,0.00597728025834292,0.54
gdelt_semiconductor_avg_tone,0.0011920289552645664,-0.00048045629368055577,0.0027974107177217477,0.64
sec_total_filings,0.00093810004188404,-0.00037612690947157526,0.002274113421251626,0.56
gdelt_ai_news_share,0.0009273461619014056,-0.00036498410202126345,0.0022296160484774406,0.58
gdelt_recession_avg_tone,0.0009067572289093426,-0.0010751700782324922,0.00292536964418453,0.62
gdelt_recession_news_share,0.0008746830705158313,-0.0008132993359297306,0.002763021911196556,0.5
gdelt_inflation_news_share,0.0006600814412453639,-0.0001852882175173418,0.0015024604893900406,0.62
sec_8k_count,0.0006217925238709603,-0.0005956750295127057,0.0018788126566206176,0.56
gdelt_big_tech_earnings_avg_tone,0.000607405854517947,-0.0014465368100765581,0.0028544657650789217,0.54
days_to_fomc,0.0005915311374641839,-0.0013887406038448184,0.002571961336814995,0.58
is_opex_week,0.0005800399452433897,-1.3918002602130748e-05,0.0011965740638609696,0.54
gdelt_ai_avg_tone,0.00045615890646162643,-0.0009609513896486237,0.001914154939786595,0.6
is_fomc_day,0.0004519249243053063,-0.0010425583112395325,0.0019222162130837495,0.66
gdelt_semiconductor_news_share,0.0004416178147515948,-0.000607260571929465,0.0014413438468083748,0.62
days_since_fomc,0.00043023190007010866,-0.00041999833395971555,0.001270387177364101,0.56
vix_term_ratio,0.00034558056584532406,-0.0007800211003562581,0.001417549280242774,0.62
dist_200dma,0.0003396671918938719,-0.0007921397810491934,0.001446594787554516,0.56
vxn_minus_vix,0.00024360105862609747,-0.0007557434625787069,0.0012770335301313758,0.52
is_nfp_day,0.00021657616931493084,-0.0021988985589334216,0.002398611116145564,0.62
gdelt_fed_news_share,0.00019504750795645173,-0.0008306655929417188,0.001156912758059648,0.6
fomc_net_hawkish_ewma,1.952895465813988e-05,-0.00022528537033292452,0.000257627242116216,0.5
gdelt_inflation_avg_tone,1.3672962688298607e-05,-0.0011529207616417139,0.0011203877692113986,0.5
parkinson_vol_22d,1.205563025728331e-05,-0.0010037879278803376,0.0009727147382969881,0.6
cpi_yoy,-1.819594869051071e-05,-0.0004040674268462757,0.0003347148684417284,0.44
t10y2y_lag1,-2.0968557355468327e-05,-0.0003969499185425728,0.0003197339967715452,0.54
d_dgs2_bp,-3.984728120086086e-05,-0.0024233753129515,0.0018740423342719532,0.56
emu_log,-6.760663628477579e-05,-0.0005416887631046006,0.00038576607311685356,0.56
is_cpi_day,-7.824624730911168e-05,-0.0011819678468800478,0.0009871015272766269,0.56
ndx_earnings_count,-9.760208752163734e-05,-0.0012088435391879155,0.0012415599218805976,0.46
fomc_tone_change_last,-0.00012197981837962034,-0.0008028984672727495,0.0004669096852877464,0.58
days_to_month_end,-0.00017910770422711704,-0.0008548324435826011,0.0004511126634084369,0.54
fomc_net_hawkish_last,-0.00023186480602702773,-0.0006210864888029236,0.000138377443150236,0.38
epu_log,-0.0002980229954534061,-0.0009688672381776179,0.0002949927642235901,0.46
mom_21d,-0.0006642129795497946,-0.002115507797549729,0.0006327172142676469,0.56
tlt_log_ret,-0.0006862620107451126,-0.003081212801027182,0.0017575901850404483,0.46
gdelt_big_tech_earnings_news_share,-0.0007131243431657003,-0.0017200009532526363,0.0002904091340474568,0.32
d_dfii10_bp,-0.001170425432872059,-0.0032920814337141146,0.0007250185250329885,0.48
overnight_gap,-0.001288492916543622,-0.005366121040675117,0.0019232835634718378,0.52
volume_z_20d,-0.0012912676855794528,-0.0026030711835260947,-0.00010958949845792055,0.38
parkinson_vol_1d,-0.002169352975085757,-0.004743565567377494,0.0003343998983830339,0.44
vxn_log_chg,-0.013801666125304392,-0.027253157505763244,-0.0012126315338428215,0.38
