date,source_url,retrieved_at,coverage_through
2025-12-18,https://www.bls.gov/schedule/news_release/cpi.htm,2026-09-08,2026-12-31
2026-01-13,https://www.bls.gov/schedule/news_release/cpi.htm,2026-09-08,2026-12-31
2026-02-13,https://www.bls.gov/schedule/news_release/cpi.htm,2026-09-08,2026-12-31
2026-03-11,https://www.bls.gov/schedule/news_release/cpi.htm,2026-09-08,2026-12-31
2026-04-10,https://www.bls.gov/schedule/news_release/cpi.htm,2026-09-08,2026-12-31
2026-05-12,https://www.bls.gov/schedule/news_release/cpi.htm,2026-09-08,2026-12-31
2026-06-10,https://www.bls.gov/schedule/news_release/cpi.htm,2026-09-08,2026-12-31
2026-07-14,https://www.bls.gov/schedule/news_release/cpi.htm,2026-09-08,2026-12-31
2026-08-12,https://www.bls.gov/schedule/news_release/cpi.htm,2026-09-08,2026-12-31
2026-09-11,https://www.bls.gov/schedule/news_release/cpi.htm,2026-09-08,2026-12-31
2026-10-14,https://www.bls.gov/schedule/news_release/cpi.htm,2026-09-08,2026-12-31
2026-11-10,https://www.bls.gov/schedule/news_release/cpi.htm,2026-09-08,2026-12-31
2026-12-10,https://www.bls.gov/schedule/news_release/cpi.htm,2026-09-08,2026-12-31
