date,source_url,provenance
2006-01-06,https://api.stlouisfed.org/fred/release/dates?release_id=50,Migrated from committed event_calendar_daily.csv at 4dd8bce; NYSE-session release days only
2006-02-03,https://api.stlouisfed.org/fred/release/dates?release_id=50,Migrated from committed event_calendar_daily.csv at 4dd8bce; NYSE-session release days only
2006-03-10,https://api.stlouisfed.org/fred/release/dates?release_id=50,Migrated from committed event_calendar_daily.csv at 4dd8bce; NYSE-session release days only
2006-04-07,https://api.stlouisfed.org/fred/release/dates?release_id=50,Migrated from committed event_calendar_daily.csv at 4dd8bce; NYSE-session release days only
2006-05-05,https://api.stlouisfed.org/fred/release/dates?release_id=50,Migrated from committed event_calendar_daily.csv at 4dd8bce; NYSE-session release days only
2006-05-08,https://api.stlouisfed.org/fred/release/dates?release_id=50,Migrated from committed event_calendar_daily.csv at 4dd8bce; NYSE-session release days only
2006-06-02,https://api.stlouisfed.org/fred/release/dates?release_id=50,Migrated from committed event_calendar_daily.csv at 4dd8bce; NYSE-session release days only
2006-07-07,https://api.stlouisfed.org/fred/release/dates?release_id=50,Migrated from committed event_calendar_daily.csv at 4dd8bce; NYSE-session release days only
2006-08-04,https://api.stlouisfed.org/fred/release/dates?release_id=50,Migrated from committed event_calendar_daily.csv at 4dd8bce; NYSE-session release days only
2006-09-01,https://api.stlouisfed.org/fred/release/dates?release_id=50,Migrated from committed event_calendar_daily.csv at 4dd8bce; NYSE-session release days only
2006-10-06,https://api.stlouisfed.org/fred/release/dates?release_id=50,Migrated from committed event_calendar_daily.csv at 4dd8bce; NYSE-session release days only
2006-11-03,https://api.stlouisfed.org/fred/release/dates?release_id=50,Migrated from committed event_calendar_daily.csv at 4dd8bce; NYSE-session release days only
2006-12-08,https://api.stlouisfed.org/fred/release/dates?release_id=50,Migrated from committed event_calendar_daily.csv at 4dd8bce; NYSE-session release days only
2007-01-05,https://api.stlouisfed.org/fred/release/dates?release_id=50,Migrated from committed event_calendar_daily.csv at 4dd8bce; NYSE-session release days only
2007-02-02,https://api.stlouisfed.org/fred/release/dates?release_id=50,Migrated from committed event_calendar_daily.csv at 4dd8bce; NYSE-session release days only
2007-03-09,https://api.stlouisfed.org/fred/release/dates?release_id=50,Migrated from committed event_calendar_daily.csv at 4dd8bce; NYSE-session release days only
2007-05-04,https://api.stlouisfed.org/fred/release/dates?release_id=50,Migrated from committed event_calendar_daily.csv at 4dd8bce; NYSE-session release days only
2007-06-01,https://api.stlouisfed.org/fred/release/dates?release_id=50,Migrated from committed event_calendar_daily.csv at 4dd8bce; NYSE-session release days only
2007-07-06,https://api.stlouisfed.org/fred/release/dates?release_id=50,Migrated from committed event_calendar_daily.csv at 4dd8bce; NYSE-session release days only
2007-08-03,https://api.stlouisfed.org/fred/release/dates?release_id=50,Migrated from committed event_calendar_daily.csv at 4dd8bce; NYSE-session release days only
2007-09-07,https://api.stlouisfed.org/fred/release/dates?release_id=50,Migrated from committed event_calendar_daily.csv at 4dd8bce; NYSE-session release days only
2007-10-05,https://api.stlouisfed.org/fred/release/dates?release_id=50,Migrated from committed event_calendar_daily.csv at 4dd8bce; NYSE-session release days only
2007-11-02,https://api.stlouisfed.org/fred/release/dates?release_id=50,Migrated from committed event_calendar_daily.csv at 4dd8bce; NYSE-session release days only
2007-12-07,https://api.stlouisfed.org/fred/release/dates?release_id=50,Migrated from committed event_calendar_daily.csv at 4dd8bce; NYSE-session release days only
2008-01-04,https://api.stlouisfed.org/fred/release/dates?release_id=50,Migrated from committed event_calendar_daily.csv at 4dd8bce; NYSE-session release days only
2008-02-01,https://api.stlouisfed.org/fred/release/dates?release_id=50,Migrated from committed event_calendar_daily.csv at 4dd8bce; NYSE-session release days only
2008-03-07,https://api.stlouisfed.org/fred/release/dates?release_id=50,Migrated from committed event_calendar_daily.csv at 4dd8bce; NYSE-session release days only
2008-04-04,https://api.stlouisfed.org/fred/release/dates?release_id=50,Migrated from committed event_calendar_daily.csv at 4dd8bce; NYSE-session release days only
2008-05-02,https://api.stlouisfed.org/fred/release/dates?release_id=50,Migrated from committed event_calendar_daily.csv at 4dd8bce; NYSE-session release days only
2008-06-06,https://api.stlouisfed.org/fred/release/dates?release_id=50,Migrated from committed event_calendar_daily.csv at 4dd8bce; NYSE-session release days only
2008-07-03,https://api.stlouisfed.org/fred/release/dates?release_id=50,Migrated from committed event_calendar_daily.csv at 4dd8bce; NYSE-session release days only
2008-08-01,https://api.stlouisfed.org/fred/release/dates?release_id=50,Migrated from committed event_calendar_daily.csv at 4dd8bce; NYSE-session release days only
2008-09-05,https://api.stlouisfed.org/fred/release/dates?release_id=50,Migrated from committed event_calendar_daily.csv at 4dd8bce; NYSE-session release days only
2008-10-03,https://api.stlouisfed.org/fred/release/dates?release_id=50,Migrated from committed event_calendar_daily.csv at 4dd8bce; NYSE-session release days only
2008-11-07,https://api.stlouisfed.org/fred/release/dates?release_id=50,Migrated from committed event_calendar_daily.csv at 4dd8bce; NYSE-session release days only
2008-12-05,https://api.stlouisfed.org/fred/release/dates?release_id=50,Migrated from committed event_calendar_daily.csv at 4dd8bce; NYSE-session release days only
2009-01-09,https://api.stlouisfed.org/fred/release/dates?release_id=50,Migrated from committed event_calendar_daily.csv at 4dd8bce; NYSE-session release days only
2009-02-06,https://api.stlouisfed.org/fred/release/dates?release_id=50,Migrated from committed event_calendar_daily.csv at 4dd8bce; NYSE-session release days only
2009-03-06,https://api.stlouisfed.org/fred/release/dates?release_id=50,Migrated from committed event_calendar_daily.csv at 4dd8bce; NYSE-session release days only
2009-04-03,https://api.stlouisfed.org/fred/release/dates?release_id=50,Migrated from committed event_calendar_daily.csv at 4dd8bce; NYSE-session release days only
2009-05-08,https://api.stlouisfed.org/fred/release/dates?release_id=50,Migrated from committed event_calendar_daily.csv at 4dd8bce; NYSE-session release days only
2009-06-05,https://api.stlouisfed.org/fred/release/dates?release_id=50,Migrated from committed event_calendar_daily.csv at 4dd8bce; NYSE-session release days only
2009-07-02,https://api.stlouisfed.org/fred/release/dates?release_id=50,Migrated from committed event_calendar_daily.csv at 4dd8bce; NYSE-session release days only
2009-08-07,https://api.stlouisfed.org/fred/release/dates?release_id=50,Migrated from committed event_calendar_daily.csv at 4dd8bce; NYSE-session release days only
2009-09-04,https://api.stlouisfed.org/fred/release/dates?release_id=50,Migrated from committed event_calendar_daily.csv at 4dd8bce; NYSE-session release days only
2009-10-02,https://api.stlouisfed.org/fred/release/dates?release_id=50,Migrated from committed event_calendar_daily.csv at 4dd8bce; NYSE-session release days only
2009-11-06,https://api.stlouisfed.org/fred/release/dates?release_id=50,Migrated from committed event_calendar_daily.csv at 4dd8bce; NYSE-session release days only
2009-12-04,https://api.stlouisfed.org/fred/release/dates?release_id=50,Migrated from committed event_calendar_daily.csv at 4dd8bce; NYSE-session release days only
2010-01-08,https://api.stlouisfed.org/fred/release/dates?release_id=50,Migrated from committed event_calendar_daily.csv at 4dd8bce; NYSE-session release days only
2010-02-05,https://api.stlouisfed.org/fred/release/dates?release_id=50,Migrated from committed event_calendar_daily.csv at 4dd8bce; NYSE-session release days only
2010-03-05,https://api.stlouisfed.org/fred/release/dates?release_id=50,Migrated from committed event_calendar_daily.csv at 4dd8bce; NYSE-session release days only
2010-05-07,https://api.stlouisfed.org/fred/release/dates?release_id=50,Migrated from committed event_calendar_daily.csv at 4dd8bce; NYSE-session release days only
2010-06-04,https://api.stlouisfed.org/fred/release/dates?release_id=50,Migrated from committed event_calendar_daily.csv at 4dd8bce; NYSE-session release days only
2010-07-02,https://api.stlouisfed.org/fred/release/dates?release_id=50,Migrated from committed event_calendar_daily.csv at 4dd8bce; NYSE-session release days only
2010-08-06,https://api.stlouisfed.org/fred/release/dates?release_id=50,Migrated from committed event_calendar_daily.csv at 4dd8bce; NYSE-session release days only
2010-09-03,https://api.stlouisfed.org/fred/release/dates?release_id=50,Migrated from committed event_calendar_daily.csv at 4dd8bce; NYSE-session release days only
2010-10-08,https://api.stlouisfed.org/fred/release/dates?release_id=50,Migrated from committed event_calendar_daily.csv at 4dd8bce; NYSE-session release days only
2010-11-05,https://api.stlouisfed.org/fred/release/dates?release_id=50,Migrated from committed event_calendar_daily.csv at 4dd8bce; NYSE-session release days only
2010-12-03,https://api.stlouisfed.org/fred/release/dates?release_id=50,Migrated from committed event_calendar_daily.csv at 4dd8bce; NYSE-session release days only
2011-01-07,https://api.stlouisfed.org/fred/release/dates?release_id=50,Migrated from committed event_calendar_daily.csv at 4dd8bce; NYSE-session release days only
2011-02-04,https://api.stlouisfed.org/fred/release/dates?release_id=50,Migrated from committed event_calendar_daily.csv at 4dd8bce; NYSE-session release days only
2011-03-04,https://api.stlouisfed.org/fred/release/dates?release_id=50,Migrated from committed event_calendar_daily.csv at 4dd8bce; NYSE-session release days only
2011-04-01,https://api.stlouisfed.org/fred/release/dates?release_id=50,Migrated from committed event_calendar_daily.csv at 4dd8bce; NYSE-session release days only
2011-05-06,https://api.stlouisfed.org/fred/release/dates?release_id=50,Migrated from committed event_calendar_daily.csv at 4dd8bce; NYSE-session release days only
2011-06-03,https://api.stlouisfed.org/fred/release/dates?release_id=50,Migrated from committed event_calendar_daily.csv at 4dd8bce; NYSE-session release days only
2011-07-08,https://api.stlouisfed.org/fred/release/dates?release_id=50,Migrated from committed event_calendar_daily.csv at 4dd8bce; NYSE-session release days only
2011-08-05,https://api.stlouisfed.org/fred/release/dates?release_id=50,Migrated from committed event_calendar_daily.csv at 4dd8bce; NYSE-session release days only
2011-09-02,https://api.stlouisfed.org/fred/release/dates?release_id=50,Migrated from committed event_calendar_daily.csv at 4dd8bce; NYSE-session release days only
2011-10-07,https://api.stlouisfed.org/fred/release/dates?release_id=50,Migrated from committed event_calendar_daily.csv at 4dd8bce; NYSE-session release days only
2011-11-04,https://api.stlouisfed.org/fred/release/dates?release_id=50,Migrated from committed event_calendar_daily.csv at 4dd8bce; NYSE-session release days only
2011-12-02,https://api.stlouisfed.org/fred/release/dates?release_id=50,Migrated from committed event_calendar_daily.csv at 4dd8bce; NYSE-session release days only
2012-01-06,https://api.stlouisfed.org/fred/release/dates?release_id=50,Migrated from committed event_calendar_daily.csv at 4dd8bce; NYSE-session release days only
2012-02-03,https://api.stlouisfed.org/fred/release/dates?release_id=50,Migrated from committed event_calendar_daily.csv at 4dd8bce; NYSE-session release days only
2012-03-09,https://api.stlouisfed.org/fred/release/dates?release_id=50,Migrated from committed event_calendar_daily.csv at 4dd8bce; NYSE-session release days only
2012-05-04,https://api.stlouisfed.org/fred/release/dates?release_id=50,Migrated from committed event_calendar_daily.csv at 4dd8bce; NYSE-session release days only
2012-06-01,https://api.stlouisfed.org/fred/release/dates?release_id=50,Migrated from committed event_calendar_daily.csv at 4dd8bce; NYSE-session release days only
2012-07-06,https://api.stlouisfed.org/fred/release/dates?release_id=50,Migrated from committed event_calendar_daily.csv at 4dd8bce; NYSE-session release days only
2012-08-03,https://api.stlouisfed.org/fred/release/dates?release_id=50,Migrated from committed event_calendar_daily.csv at 4dd8bce; NYSE-session release days only
2012-09-07,https://api.stlouisfed.org/fred/release/dates?release_id=50,Migrated from committed event_calendar_daily.csv at 4dd8bce; NYSE-session release days only
2012-10-05,https://api.stlouisfed.org/fred/release/dates?release_id=50,Migrated from committed event_calendar_daily.csv at 4dd8bce; NYSE-session release days only
2012-11-02,https://api.stlouisfed.org/fred/release/dates?release_id=50,Migrated from committed event_calendar_daily.csv at 4dd8bce; NYSE-session release days only
2012-12-07,https://api.stlouisfed.org/fred/release/dates?release_id=50,Migrated from committed event_calendar_daily.csv at 4dd8bce; NYSE-session release days only
2012-12-12,https://api.stlouisfed.org/fred/release/dates?release_id=50,Migrated from committed event_calendar_daily.csv at 4dd8bce; NYSE-session release days only
2013-01-04,https://api.stlouisfed.org/fred/release/dates?release_id=50,Migrated from committed event_calendar_daily.csv at 4dd8bce; NYSE-session release days only
2013-02-01,https://api.stlouisfed.org/fred/release/dates?release_id=50,Migrated from committed event_calendar_daily.csv at 4dd8bce; NYSE-session release days only
2013-03-08,https://api.stlouisfed.org/fred/release/dates?release_id=50,Migrated from committed event_calendar_daily.csv at 4dd8bce; NYSE-session release days only
2013-04-05,https://api.stlouisfed.org/fred/release/dates?release_id=50,Migrated from committed event_calendar_daily.csv at 4dd8bce; NYSE-session release days only
2013-05-03,https://api.stlouisfed.org/fred/release/dates?release_id=50,Migrated from committed event_calendar_daily.csv at 4dd8bce; NYSE-session release days only
2013-05-06,https://api.stlouisfed.org/fred/release/dates?release_id=50,Migrated from committed event_calendar_daily.csv at 4dd8bce; NYSE-session release days only
2013-06-07,https://api.stlouisfed.org/fred/release/dates?release_id=50,Migrated from committed event_calendar_daily.csv at 4dd8bce; NYSE-session release days only
2013-07-05,https://api.stlouisfed.org/fred/release/dates?release_id=50,Migrated from committed event_calendar_daily.csv at 4dd8bce; NYSE-session release days only
2013-08-02,https://api.stlouisfed.org/fred/release/dates?release_id=50,Migrated from committed event_calendar_daily.csv at 4dd8bce; NYSE-session release days only
2013-09-06,https://api.stlouisfed.org/fred/release/dates?release_id=50,Migrated from committed event_calendar_daily.csv at 4dd8bce; NYSE-session release days only
2013-10-22,https://api.stlouisfed.org/fred/release/dates?release_id=50,Migrated from committed event_calendar_daily.csv at 4dd8bce; NYSE-session release days only
2013-11-08,https://api.stlouisfed.org/fred/release/dates?release_id=50,Migrated from committed event_calendar_daily.csv at 4dd8bce; NYSE-session release days only
2013-12-06,https://api.stlouisfed.org/fred/release/dates?release_id=50,Migrated from committed event_calendar_daily.csv at 4dd8bce; NYSE-session release days only
2014-01-10,https://api.stlouisfed.org/fred/release/dates?release_id=50,Migrated from committed event_calendar_daily.csv at 4dd8bce; NYSE-session release days only
2014-02-07,https://api.stlouisfed.org/fred/release/dates?release_id=50,Migrated from committed event_calendar_daily.csv at 4dd8bce; NYSE-session release days only
2014-03-07,https://api.stlouisfed.org/fred/release/dates?release_id=50,Migrated from committed event_calendar_daily.csv at 4dd8bce; NYSE-session release days only
2014-04-04,https://api.stlouisfed.org/fred/release/dates?release_id=50,Migrated from committed event_calendar_daily.csv at 4dd8bce; NYSE-session release days only
2014-05-02,https://api.stlouisfed.org/fred/release/dates?release_id=50,Migrated from committed event_calendar_daily.csv at 4dd8bce; NYSE-session release days only
2014-06-06,https://api.stlouisfed.org/fred/release/dates?release_id=50,Migrated from committed event_calendar_daily.csv at 4dd8bce; NYSE-session release days only
2014-07-03,https://api.stlouisfed.org/fred/release/dates?release_id=50,Migrated from committed event_calendar_daily.csv at 4dd8bce; NYSE-session release days only
2014-08-01,https://api.stlouisfed.org/fred/release/dates?release_id=50,Migrated from committed event_calendar_daily.csv at 4dd8bce; NYSE-session release days only
2014-09-05,https://api.stlouisfed.org/fred/release/dates?release_id=50,Migrated from committed event_calendar_daily.csv at 4dd8bce; NYSE-session release days only
2014-10-03,https://api.stlouisfed.org/fred/release/dates?release_id=50,Migrated from committed event_calendar_daily.csv at 4dd8bce; NYSE-session release days only
2014-11-07,https://api.stlouisfed.org/fred/release/dates?release_id=50,Migrated from committed event_calendar_daily.csv at 4dd8bce; NYSE-session release days only
2014-12-05,https://api.stlouisfed.org/fred/release/dates?release_id=50,Migrated from committed event_calendar_daily.csv at 4dd8bce; NYSE-session release days only
2015-01-09,https://api.stlouisfed.org/fred/release/dates?release_id=50,Migrated from committed event_calendar_daily.csv at 4dd8bce; NYSE-session release days only
2015-02-06,https://api.stlouisfed.org/fred/release/dates?release_id=50,Migrated from committed event_calendar_daily.csv at 4dd8bce; NYSE-session release days only
2015-03-06,https://api.stlouisfed.org/fred/release/dates?release_id=50,Migrated from committed event_calendar_daily.csv at 4dd8bce; NYSE-session release days only
2015-05-08,https://api.stlouisfed.org/fred/release/dates?release_id=50,Migrated from committed event_calendar_daily.csv at 4dd8bce; NYSE-session release days only
2015-06-05,https://api.stlouisfed.org/fred/release/dates?release_id=50,Migrated from committed event_calendar_daily.csv at 4dd8bce; NYSE-session release days only
2015-07-02,https://api.stlouisfed.org/fred/release/dates?release_id=50,Migrated from committed event_calendar_daily.csv at 4dd8bce; NYSE-session release days only
2015-08-07,https://api.stlouisfed.org/fred/release/dates?release_id=50,Migrated from committed event_calendar_daily.csv at 4dd8bce; NYSE-session release days only
2015-09-04,https://api.stlouisfed.org/fred/release/dates?release_id=50,Migrated from committed event_calendar_daily.csv at 4dd8bce; NYSE-session release days only
2015-10-02,https://api.stlouisfed.org/fred/release/dates?release_id=50,Migrated from committed event_calendar_daily.csv at 4dd8bce; NYSE-session release days only
2015-11-06,https://api.stlouisfed.org/fred/release/dates?release_id=50,Migrated from committed event_calendar_daily.csv at 4dd8bce; NYSE-session release days only
2015-12-04,https://api.stlouisfed.org/fred/release/dates?release_id=50,Migrated from committed event_calendar_daily.csv at 4dd8bce; NYSE-session release days only
2016-01-08,https://api.stlouisfed.org/fred/release/dates?release_id=50,Migrated from committed event_calendar_daily.csv at 4dd8bce; NYSE-session release days only
2016-02-05,https://api.stlouisfed.org/fred/release/dates?release_id=50,Migrated from committed event_calendar_daily.csv at 4dd8bce; NYSE-session release days only
2016-03-04,https://api.stlouisfed.org/fred/release/dates?release_id=50,Migrated from committed event_calendar_daily.csv at 4dd8bce; NYSE-session release days only
2016-04-01,https://api.stlouisfed.org/fred/release/dates?release_id=50,Migrated from committed event_calendar_daily.csv at 4dd8bce; NYSE-session release days only
2016-05-06,https://api.stlouisfed.org/fred/release/dates?release_id=50,Migrated from committed event_calendar_daily.csv at 4dd8bce; NYSE-session release days only
2016-06-03,https://api.stlouisfed.org/fred/release/dates?release_id=50,Migrated from committed event_calendar_daily.csv at 4dd8bce; NYSE-session release days only
2016-07-08,https://api.stlouisfed.org/fred/release/dates?release_id=50,Migrated from committed event_calendar_daily.csv at 4dd8bce; NYSE-session release days only
2016-08-05,https://api.stlouisfed.org/fred/release/dates?release_id=50,Migrated from committed event_calendar_daily.csv at 4dd8bce; NYSE-session release days only
2016-09-02,https://api.stlouisfed.org/fred/release/dates?release_id=50,Migrated from committed event_calendar_daily.csv at 4dd8bce; NYSE-session release days only
2016-10-07,https://api.stlouisfed.org/fred/release/dates?release_id=50,Migrated from committed event_calendar_daily.csv at 4dd8bce; NYSE-session release days only
2016-11-04,https://api.stlouisfed.org/fred/release/dates?release_id=50,Migrated from committed event_calendar_daily.csv at 4dd8bce; NYSE-session release days only
2016-12-02,https://api.stlouisfed.org/fred/release/dates?release_id=50,Migrated from committed event_calendar_daily.csv at 4dd8bce; NYSE-session release days only
2017-01-06,https://api.stlouisfed.org/fred/release/dates?release_id=50,Migrated from committed event_calendar_daily.csv at 4dd8bce; NYSE-session release days only
2017-02-03,https://api.stlouisfed.org/fred/release/dates?release_id=50,Migrated from committed event_calendar_daily.csv at 4dd8bce; NYSE-session release days only
2017-03-10,https://api.stlouisfed.org/fred/release/dates?release_id=50,Migrated from committed event_calendar_daily.csv at 4dd8bce; NYSE-session release days only
2017-04-07,https://api.stlouisfed.org/fred/release/dates?release_id=50,Migrated from committed event_calendar_daily.csv at 4dd8bce; NYSE-session release days only
2017-05-05,https://api.stlouisfed.org/fred/release/dates?release_id=50,Migrated from committed event_calendar_daily.csv at 4dd8bce; NYSE-session release days only
2017-06-02,https://api.stlouisfed.org/fred/release/dates?release_id=50,Migrated from committed event_calendar_daily.csv at 4dd8bce; NYSE-session release days only
2017-07-07,https://api.stlouisfed.org/fred/release/dates?release_id=50,Migrated from committed event_calendar_daily.csv at 4dd8bce; NYSE-session release days only
2017-08-04,https://api.stlouisfed.org/fred/release/dates?release_id=50,Migrated from committed event_calendar_daily.csv at 4dd8bce; NYSE-session release days only
2017-09-01,https://api.stlouisfed.org/fred/release/dates?release_id=50,Migrated from committed event_calendar_daily.csv at 4dd8bce; NYSE-session release days only
2017-10-06,https://api.stlouisfed.org/fred/release/dates?release_id=50,Migrated from committed event_calendar_daily.csv at 4dd8bce; NYSE-session release days only
2017-11-03,https://api.stlouisfed.org/fred/release/dates?release_id=50,Migrated from committed event_calendar_daily.csv at 4dd8bce; NYSE-session release days only
2017-12-08,https://api.stlouisfed.org/fred/release/dates?release_id=50,Migrated from committed event_calendar_daily.csv at 4dd8bce; NYSE-session release days only
2018-01-05,https://api.stlouisfed.org/fred/release/dates?release_id=50,Migrated from committed event_calendar_daily.csv at 4dd8bce; NYSE-session release days only
2018-02-02,https://api.stlouisfed.org/fred/release/dates?release_id=50,Migrated from committed event_calendar_daily.csv at 4dd8bce; NYSE-session release days only
2018-03-09,https://api.stlouisfed.org/fred/release/dates?release_id=50,Migrated from committed event_calendar_daily.csv at 4dd8bce; NYSE-session release days only
2018-04-06,https://api.stlouisfed.org/fred/release/dates?release_id=50,Migrated from committed event_calendar_daily.csv at 4dd8bce; NYSE-session release days only
2018-05-04,https://api.stlouisfed.org/fred/release/dates?release_id=50,Migrated from committed event_calendar_daily.csv at 4dd8bce; NYSE-session release days only
2018-06-01,https://api.stlouisfed.org/fred/release/dates?release_id=50,Migrated from committed event_calendar_daily.csv at 4dd8bce; NYSE-session release days only
2018-07-06,https://api.stlouisfed.org/fred/release/dates?release_id=50,Migrated from committed event_calendar_daily.csv at 4dd8bce; NYSE-session release days only
2018-08-03,https://api.stlouisfed.org/fred/release/dates?release_id=50,Migrated from committed event_calendar_daily.csv at 4dd8bce; NYSE-session release days only
2018-09-07,https://api.stlouisfed.org/fred/release/dates?release_id=50,Migrated from committed event_calendar_daily.csv at 4dd8bce; NYSE-session release days only
2018-10-05,https://api.stlouisfed.org/fred/release/dates?release_id=50,Migrated from committed event_calendar_daily.csv at 4dd8bce; NYSE-session release days only
2018-11-02,https://api.stlouisfed.org/fred/release/dates?release_id=50,Migrated from committed event_calendar_daily.csv at 4dd8bce; NYSE-session release days only
2018-12-07,https://api.stlouisfed.org/fred/release/dates?release_id=50,Migrated from committed event_calendar_daily.csv at 4dd8bce; NYSE-session release days only
2019-01-04,https://api.stlouisfed.org/fred/release/dates?release_id=50,Migrated from committed event_calendar_daily.csv at 4dd8bce; NYSE-session release days only
2019-02-01,https://api.stlouisfed.org/fred/release/dates?release_id=50,Migrated from committed event_calendar_daily.csv at 4dd8bce; NYSE-session release days only
2019-03-08,https://api.stlouisfed.org/fred/release/dates?release_id=50,Migrated from committed event_calendar_daily.csv at 4dd8bce; NYSE-session release days only
2019-04-05,https://api.stlouisfed.org/fred/release/dates?release_id=50,Migrated from committed event_calendar_daily.csv at 4dd8bce; NYSE-session release days only
2019-05-03,https://api.stlouisfed.org/fred/release/dates?release_id=50,Migrated from committed event_calendar_daily.csv at 4dd8bce; NYSE-session release days only
2019-06-07,https://api.stlouisfed.org/fred/release/dates?release_id=50,Migrated from committed event_calendar_daily.csv at 4dd8bce; NYSE-session release days only
2019-07-05,https://api.stlouisfed.org/fred/release/dates?release_id=50,Migrated from committed event_calendar_daily.csv at 4dd8bce; NYSE-session release days only
2019-08-02,https://api.stlouisfed.org/fred/release/dates?release_id=50,Migrated from committed event_calendar_daily.csv at 4dd8bce; NYSE-session release days only
2019-09-06,https://api.stlouisfed.org/fred/release/dates?release_id=50,Migrated from committed event_calendar_daily.csv at 4dd8bce; NYSE-session release days only
2019-10-04,https://api.stlouisfed.org/fred/release/dates?release_id=50,Migrated from committed event_calendar_daily.csv at 4dd8bce; NYSE-session release days only
2019-11-01,https://api.stlouisfed.org/fred/release/dates?release_id=50,Migrated from committed event_calendar_daily.csv at 4dd8bce; NYSE-session release days only
2019-12-06,https://api.stlouisfed.org/fred/release/dates?release_id=50,Migrated from committed event_calendar_daily.csv at 4dd8bce; NYSE-session release days only
2020-01-10,https://api.stlouisfed.org/fred/release/dates?release_id=50,Migrated from committed event_calendar_daily.csv at 4dd8bce; NYSE-session release days only
2020-02-07,https://api.stlouisfed.org/fred/release/dates?release_id=50,Migrated from committed event_calendar_daily.csv at 4dd8bce; NYSE-session release days only
2020-03-06,https://api.stlouisfed.org/fred/release/dates?release_id=50,Migrated from committed event_calendar_daily.csv at 4dd8bce; NYSE-session release days only
2020-04-03,https://api.stlouisfed.org/fred/release/dates?release_id=50,Migrated from committed event_calendar_daily.csv at 4dd8bce; NYSE-session release days only
2020-05-08,https://api.stlouisfed.org/fred/release/dates?release_id=50,Migrated from committed event_calendar_daily.csv at 4dd8bce; NYSE-session release days only
2020-05-11,https://api.stlouisfed.org/fred/release/dates?release_id=50,Migrated from committed event_calendar_daily.csv at 4dd8bce; NYSE-session release days only
2020-06-05,https://api.stlouisfed.org/fred/release/dates?release_id=50,Migrated from committed event_calendar_daily.csv at 4dd8bce; NYSE-session release days only
2020-07-02,https://api.stlouisfed.org/fred/release/dates?release_id=50,Migrated from committed event_calendar_daily.csv at 4dd8bce; NYSE-session release days only
2020-08-07,https://api.stlouisfed.org/fred/release/dates?release_id=50,Migrated from committed event_calendar_daily.csv at 4dd8bce; NYSE-session release days only
2020-09-04,https://api.stlouisfed.org/fred/release/dates?release_id=50,Migrated from committed event_calendar_daily.csv at 4dd8bce; NYSE-session release days only
2020-10-02,https://api.stlouisfed.org/fred/release/dates?release_id=50,Migrated from committed event_calendar_daily.csv at 4dd8bce; NYSE-session release days only
2020-11-06,https://api.stlouisfed.org/fred/release/dates?release_id=50,Migrated from committed event_calendar_daily.csv at 4dd8bce; NYSE-session release days only
2020-12-04,https://api.stlouisfed.org/fred/release/dates?release_id=50,Migrated from committed event_calendar_daily.csv at 4dd8bce; NYSE-session release days only
2021-01-08,https://api.stlouisfed.org/fred/release/dates?release_id=50,Migrated from committed event_calendar_daily.csv at 4dd8bce; NYSE-session release days only
2021-02-05,https://api.stlouisfed.org/fred/release/dates?release_id=50,Migrated from committed event_calendar_daily.csv at 4dd8bce; NYSE-session release days only
2021-03-05,https://api.stlouisfed.org/fred/release/dates?release_id=50,Migrated from committed event_calendar_daily.csv at 4dd8bce; NYSE-session release days only
2021-05-07,https://api.stlouisfed.org/fred/release/dates?release_id=50,Migrated from committed event_calendar_daily.csv at 4dd8bce; NYSE-session release days only
2021-06-04,https://api.stlouisfed.org/fred/release/dates?release_id=50,Migrated from committed event_calendar_daily.csv at 4dd8bce; NYSE-session release days only
2021-07-02,https://api.stlouisfed.org/fred/release/dates?release_id=50,Migrated from committed event_calendar_daily.csv at 4dd8bce; NYSE-session release days only
2021-08-06,https://api.stlouisfed.org/fred/release/dates?release_id=50,Migrated from committed event_calendar_daily.csv at 4dd8bce; NYSE-session release days only
2021-09-03,https://api.stlouisfed.org/fred/release/dates?release_id=50,Migrated from committed event_calendar_daily.csv at 4dd8bce; NYSE-session release days only
2021-10-08,https://api.stlouisfed.org/fred/release/dates?release_id=50,Migrated from committed event_calendar_daily.csv at 4dd8bce; NYSE-session release days only
2021-11-05,https://api.stlouisfed.org/fred/release/dates?release_id=50,Migrated from committed event_calendar_daily.csv at 4dd8bce; NYSE-session release days only
2021-12-03,https://api.stlouisfed.org/fred/release/dates?release_id=50,Migrated from committed event_calendar_daily.csv at 4dd8bce; NYSE-session release days only
2022-01-07,https://api.stlouisfed.org/fred/release/dates?release_id=50,Migrated from committed event_calendar_daily.csv at 4dd8bce; NYSE-session release days only
2022-02-04,https://api.stlouisfed.org/fred/release/dates?release_id=50,Migrated from committed event_calendar_daily.csv at 4dd8bce; NYSE-session release days only
2022-03-04,https://api.stlouisfed.org/fred/release/dates?release_id=50,Migrated from committed event_calendar_daily.csv at 4dd8bce; NYSE-session release days only
2022-04-01,https://api.stlouisfed.org/fred/release/dates?release_id=50,Migrated from committed event_calendar_daily.csv at 4dd8bce; NYSE-session release days only
2022-05-06,https://api.stlouisfed.org/fred/release/dates?release_id=50,Migrated from committed event_calendar_daily.csv at 4dd8bce; NYSE-session release days only
2022-06-03,https://api.stlouisfed.org/fred/release/dates?release_id=50,Migrated from committed event_calendar_daily.csv at 4dd8bce; NYSE-session release days only
2022-07-08,https://api.stlouisfed.org/fred/release/dates?release_id=50,Migrated from committed event_calendar_daily.csv at 4dd8bce; NYSE-session release days only
2022-08-05,https://api.stlouisfed.org/fred/release/dates?release_id=50,Migrated from committed event_calendar_daily.csv at 4dd8bce; NYSE-session release days only
2022-09-02,https://api.stlouisfed.org/fred/release/dates?release_id=50,Migrated from committed event_calendar_daily.csv at 4dd8bce; NYSE-session release days only
2022-10-07,https://api.stlouisfed.org/fred/release/dates?release_id=50,Migrated from committed event_calendar_daily.csv at 4dd8bce; NYSE-session release days only
2022-11-04,https://api.stlouisfed.org/fred/release/dates?release_id=50,Migrated from committed event_calendar_daily.csv at 4dd8bce; NYSE-session release days only
2022-12-02,https://api.stlouisfed.org/fred/release/dates?release_id=50,Migrated from committed event_calendar_daily.csv at 4dd8bce; NYSE-session release days only
2023-01-06,https://api.stlouisfed.org/fred/release/dates?release_id=50,Migrated from committed event_calendar_daily.csv at 4dd8bce; NYSE-session release days only
2023-02-03,https://api.stlouisfed.org/fred/release/dates?release_id=50,Migrated from committed event_calendar_daily.csv at 4dd8bce; NYSE-session release days only
2023-03-10,https://api.stlouisfed.org/fred/release/dates?release_id=50,Migrated from committed event_calendar_daily.csv at 4dd8bce; NYSE-session release days only
2023-05-05,https://api.stlouisfed.org/fred/release/dates?release_id=50,Migrated from committed event_calendar_daily.csv at 4dd8bce; NYSE-session release days only
2023-06-02,https://api.stlouisfed.org/fred/release/dates?release_id=50,Migrated from committed event_calendar_daily.csv at 4dd8bce; NYSE-session release days only
2023-07-07,https://api.stlouisfed.org/fred/release/dates?release_id=50,Migrated from committed event_calendar_daily.csv at 4dd8bce; NYSE-session release days only
2023-08-04,https://api.stlouisfed.org/fred/release/dates?release_id=50,Migrated from committed event_calendar_daily.csv at 4dd8bce; NYSE-session release days only
2023-09-01,https://api.stlouisfed.org/fred/release/dates?release_id=50,Migrated from committed event_calendar_daily.csv at 4dd8bce; NYSE-session release days only
2023-10-06,https://api.stlouisfed.org/fred/release/dates?release_id=50,Migrated from committed event_calendar_daily.csv at 4dd8bce; NYSE-session release days only
2023-11-03,https://api.stlouisfed.org/fred/release/dates?release_id=50,Migrated from committed event_calendar_daily.csv at 4dd8bce; NYSE-session release days only
2023-12-08,https://api.stlouisfed.org/fred/release/dates?release_id=50,Migrated from committed event_calendar_daily.csv at 4dd8bce; NYSE-session release days only
2024-01-05,https://api.stlouisfed.org/fred/release/dates?release_id=50,Migrated from committed event_calendar_daily.csv at 4dd8bce; NYSE-session release days only
2024-01-10,https://api.stlouisfed.org/fred/release/dates?release_id=50,Migrated from committed event_calendar_daily.csv at 4dd8bce; NYSE-session release days only
2024-02-02,https://api.stlouisfed.org/fred/release/dates?release_id=50,Migrated from committed event_calendar_daily.csv at 4dd8bce; NYSE-session release days only
2024-03-08,https://api.stlouisfed.org/fred/release/dates?release_id=50,Migrated from committed event_calendar_daily.csv at 4dd8bce; NYSE-session release days only
2024-04-05,https://api.stlouisfed.org/fred/release/dates?release_id=50,Migrated from committed event_calendar_daily.csv at 4dd8bce; NYSE-session release days only
2024-05-03,https://api.stlouisfed.org/fred/release/dates?release_id=50,Migrated from committed event_calendar_daily.csv at 4dd8bce; NYSE-session release days only
2024-06-07,https://api.stlouisfed.org/fred/release/dates?release_id=50,Migrated from committed event_calendar_daily.csv at 4dd8bce; NYSE-session release days only
2024-07-05,https://api.stlouisfed.org/fred/release/dates?release_id=50,Migrated from committed event_calendar_daily.csv at 4dd8bce; NYSE-session release days only
2024-08-02,https://api.stlouisfed.org/fred/release/dates?release_id=50,Migrated from committed event_calendar_daily.csv at 4dd8bce; NYSE-session release days only
2024-08-21,https://api.stlouisfed.org/fred/release/dates?release_id=50,Migrated from committed event_calendar_daily.csv at 4dd8bce; NYSE-session release days only
2024-09-06,https://api.stlouisfed.org/fred/release/dates?release_id=50,Migrated from committed event_calendar_daily.csv at 4dd8bce; NYSE-session release days only
2024-10-04,https://api.stlouisfed.org/fred/release/dates?release_id=50,Migrated from committed event_calendar_daily.csv at 4dd8bce; NYSE-session release days only
2024-11-01,https://api.stlouisfed.org/fred/release/dates?release_id=50,Migrated from committed event_calendar_daily.csv at 4dd8bce; NYSE-session release days only
2024-12-06,https://api.stlouisfed.org/fred/release/dates?release_id=50,Migrated from committed event_calendar_daily.csv at 4dd8bce; NYSE-session release days only
2025-01-10,https://api.stlouisfed.org/fred/release/dates?release_id=50,Migrated from committed event_calendar_daily.csv at 4dd8bce; NYSE-session release days only
2025-02-07,https://api.stlouisfed.org/fred/release/dates?release_id=50,Migrated from committed event_calendar_daily.csv at 4dd8bce; NYSE-session release days only
2025-03-07,https://api.stlouisfed.org/fred/release/dates?release_id=50,Migrated from committed event_calendar_daily.csv at 4dd8bce; NYSE-session release days only
2025-04-04,https://api.stlouisfed.org/fred/release/dates?release_id=50,Migrated from committed event_calendar_daily.csv at 4dd8bce; NYSE-session release days only
2025-05-02,https://api.stlouisfed.org/fred/release/dates?release_id=50,Migrated from committed event_calendar_daily.csv at 4dd8bce; NYSE-session release days only
2025-06-06,https://api.stlouisfed.org/fred/release/dates?release_id=50,Migrated from committed event_calendar_daily.csv at 4dd8bce; NYSE-session release days only
2025-07-03,https://api.stlouisfed.org/fred/release/dates?release_id=50,Migrated from committed event_calendar_daily.csv at 4dd8bce; NYSE-session release days only
2025-08-01,https://api.stlouisfed.org/fred/release/dates?release_id=50,Migrated from committed event_calendar_daily.csv at 4dd8bce; NYSE-session release days only
2025-09-05,https://api.stlouisfed.org/fred/release/dates?release_id=50,Migrated from committed event_calendar_daily.csv at 4dd8bce; NYSE-session release days only
2025-11-20,https://api.stlouisfed.org/fred/release/dates?release_id=50,Migrated from committed event_calendar_daily.csv at 4dd8bce; NYSE-session release days only
2025-12-16,https://api.stlouisfed.org/fred/release/dates?release_id=50,Migrated from committed event_calendar_daily.csv at 4dd8bce; NYSE-session release days only
2026-01-09,https://api.stlouisfed.org/fred/release/dates?release_id=50,Migrated from committed event_calendar_daily.csv at 4dd8bce; NYSE-session release days only
2026-02-11,https://api.stlouisfed.org/fred/release/dates?release_id=50,Migrated from committed event_calendar_daily.csv at 4dd8bce; NYSE-session release days only
2026-03-06,https://api.stlouisfed.org/fred/release/dates?release_id=50,Migrated from committed event_calendar_daily.csv at 4dd8bce; NYSE-session release days only
2026-05-08,https://api.stlouisfed.org/fred/release/dates?release_id=50,Migrated from committed event_calendar_daily.csv at 4dd8bce; NYSE-session release days only
2026-06-05,https://api.stlouisfed.org/fred/release/dates?release_id=50,Migrated from committed event_calendar_daily.csv at 4dd8bce; NYSE-session release days only
2026-07-02,https://api.stlouisfed.org/fred/release/dates?release_id=50,Migrated from committed event_calendar_daily.csv at 4dd8bce; NYSE-session release days only
2026-08-07,https://api.stlouisfed.org/fred/release/dates?release_id=50,Migrated from committed event_calendar_daily.csv at 4dd8bce; NYSE-session release days only
2026-09-04,https://api.stlouisfed.org/fred/release/dates?release_id=50,Migrated from committed event_calendar_daily.csv at 4dd8bce; NYSE-session release days only
2026-10-02,https://api.stlouisfed.org/fred/release/dates?release_id=50,Migrated from committed event_calendar_daily.csv at 4dd8bce; NYSE-session release days only
2026-11-06,https://api.stlouisfed.org/fred/release/dates?release_id=50,Migrated from committed event_calendar_daily.csv at 4dd8bce; NYSE-session release days only
2026-12-04,https://api.stlouisfed.org/fred/release/dates?release_id=50,Migrated from committed event_calendar_daily.csv at 4dd8bce; NYSE-session release days only
