date,fomc_n_sentences,fomc_hawkish_share,fomc_dovish_share,fomc_net_hawkish,fomc_tone_change,fomc_net_hawkish_ewma
2006-01-31,9,0.3333333333333333,0.0,0.3333333333333333,,0.3333333333333333
2006-03-28,9,0.4444444444444444,0.1111111111111111,0.3333333333333333,0.0,0.3333333333333333
2006-05-10,9,0.4444444444444444,0.0,0.4444444444444444,0.1111111111111111,0.3791776608924223
2006-06-29,10,0.4,0.0,0.4,-0.0444444444444444,0.38629966947852135
2006-08-08,6,0.3333333333333333,0.16666666666666666,0.16666666666666666,-0.23333333333333336,0.32015533746227787
2006-09-20,6,0.3333333333333333,0.3333333333333333,0.0,-0.16666666666666666,0.23209150049980992
2006-10-25,7,0.2857142857142857,0.2857142857142857,0.0,0.0,0.1723586466417122
2006-12-12,7,0.2857142857142857,0.2857142857142857,0.0,0.0,0.13015439543634846
2007-01-31,7,0.2857142857142857,0.0,0.2857142857142857,0.2857142857142857,0.16683087948470232
2007-03-21,7,0.42857142857142855,0.0,0.42857142857142855,0.14285714285714285,0.22677503007119837
2007-05-09,7,0.42857142857142855,0.14285714285714285,0.2857142857142857,-0.14285714285714285,0.2399734803418826
2007-06-28,8,0.25,0.0,0.25,-0.0357142857142857,0.2421798437890076
2007-08-07,9,0.4444444444444444,0.0,0.4444444444444444,0.19444444444444442,0.28608489069255416
2007-09-18,10,0.2,0.2,0.0,-0.4444444444444444,0.22464675313194166
2007-10-31,10,0.3,0.3,0.0,0.0,0.17680726202432942
2007-12-11,11,0.2727272727272727,0.36363636363636365,-0.09090909090909094,-0.09090909090909094,0.12017280682622346
2008-01-22,9,0.1111111111111111,0.3333333333333333,-0.2222222222222222,-0.13131313131313127,0.04811841038388313
2008-01-30,10,0.0,0.4,-0.4,-0.1777777777777778,-0.0457955882030745
2008-03-18,13,0.23076923076923078,0.23076923076923078,0.0,0.4,-0.03622934601553235
2008-04-30,12,0.16666666666666666,0.4166666666666667,-0.25,-0.25,-0.08076852455969441
2008-06-25,9,0.6666666666666666,0.2222222222222222,0.4444444444444444,0.6944444444444444,0.028435793426455535
2008-08-05,9,0.6666666666666666,0.2222222222222222,0.4444444444444444,0.0,0.11479364582433596
2008-09-16,9,0.2222222222222222,0.4444444444444444,-0.2222222222222222,-0.6666666666666666,0.04492357932561862
2008-10-08,15,0.06666666666666667,0.6666666666666666,-0.6,-0.37777777777777777,-0.08864557036067028
2008-10-29,9,0.1111111111111111,0.5555555555555556,-0.4444444444444445,0.1555555555555555,-0.16227497099433222
2008-12-16,15,0.13333333333333333,0.6666666666666666,-0.5333333333333333,-0.08888888888888885,-0.23901295151505478
2009-01-28,16,0.125,0.75,-0.625,-0.09166666666666667,-0.31879770619343
2009-03-18,12,0.0,0.8333333333333334,-0.8333333333333334,-0.20833333333333337,-0.42511094182358095
2009-04-29,13,0.07692307692307693,0.6923076923076923,-0.6153846153846154,0.21794871794871795,-0.46441265710061436
2009-06-24,12,0.16666666666666666,0.5833333333333334,-0.41666666666666674,0.19871794871794868,-0.4545530558708969
2009-08-12,13,0.23076923076923078,0.6153846153846154,-0.38461538461538464,0.032051282051282104,-0.440113759204567
2009-09-23,12,0.16666666666666666,0.6666666666666666,-0.5,-0.11538461538461536,-0.4524758642968972
2009-11-04,13,0.23076923076923078,0.5384615384615384,-0.30769230769230765,0.19230769230769235,-0.4225925012373501
2009-12-16,16,0.125,0.4375,-0.3125,-0.004807692307692346,-0.39987167070190655
2010-01-27,16,0.0625,0.375,-0.3125,0.0,-0.38184139491701824
2010-03-16,12,0.08333333333333333,0.6666666666666666,-0.5833333333333333,-0.27083333333333326,-0.4234192266685782
2010-04-28,11,0.09090909090909091,0.5454545454545454,-0.4545454545454545,0.12878787878787878,-0.4298417956380404
2010-06-23,11,0.0,0.8181818181818182,-0.8181818181818182,-0.36363636363636376,-0.5099684614257135
2010-08-10,14,0.0,0.5714285714285714,-0.5714285714285714,0.24675324675324684,-0.5226491977337063
2010-09-21,15,0.0,0.5333333333333333,-0.5333333333333333,0.03809523809523807,-0.5248535428612082
2010-11-03,17,0.0,0.5882352941176471,-0.5882352941176471,-0.05490196078431375,-0.5379301703934513
2010-12-14,16,0.0625,0.6875,-0.625,-0.03676470588235292,-0.5558937268524116
2011-01-26,13,0.0,0.6923076923076923,-0.6923076923076923,-0.06730769230769229,-0.5840372195473643
2011-03-15,14,0.14285714285714285,0.5714285714285714,-0.42857142857142855,0.26373626373626374,-0.5519634754144699
2011-04-27,14,0.14285714285714285,0.5714285714285714,-0.42857142857142855,0.0,-0.5265069841825453
2011-06-22,15,0.06666666666666667,0.6,-0.5333333333333333,-0.10476190476190478,-0.5279152905335416
2011-08-09,20,0.1,0.4,-0.30000000000000004,0.23333333333333328,-0.48089558202852917
2011-09-21,23,0.043478260869565216,0.4782608695652174,-0.4347826086956522,-0.13478260869565217,-0.47138235472431866
2011-11-02,16,0.0625,0.4375,-0.375,0.05978260869565222,-0.4514984848285409
2011-12-13,14,0.07142857142857142,0.42857142857142855,-0.3571428571428571,0.017857142857142905,-0.43203278135373935
2012-01-25,13,0.07692307692307693,0.5384615384615384,-0.4615384615384615,-0.10439560439560441,-0.43811983409685573
2012-03-13,15,0.13333333333333333,0.5333333333333333,-0.4,0.061538461538461486,-0.43025568475210285
2012-04-25,16,0.1875,0.5,-0.3125,0.08750000000000002,-0.40596263216767026
2012-06-20,19,0.05263157894736842,0.5263157894736842,-0.47368421052631576,-0.16118421052631576,-0.4199336114576419
2012-08-01,15,0.06666666666666667,0.6,-0.5333333333333333,-0.05964912280701756,-0.4433279852659289
2012-09-13,19,0.0,0.631578947368421,-0.631578947368421,-0.09824561403508769,-0.4821641530581926
2012-10-24,18,0.05555555555555555,0.6666666666666666,-0.611111111111111,0.020467836257309968,-0.5087658934192532
2012-12-12,22,0.09090909090909091,0.6363636363636364,-0.5454545454545454,0.06565656565656564,-0.5163347544947097
2013-01-30,19,0.10526315789473684,0.6842105263157895,-0.5789473684210527,-0.03349282296650724,-0.5292517193349101
2013-03-20,19,0.15789473684210525,0.6842105263157895,-0.5263157894736843,0.05263157894736836,-0.5286460379711689
2013-05-01,20,0.1,0.65,-0.55,-0.023684210526315752,-0.5330513524403949
2013-06-19,19,0.10526315789473684,0.631578947368421,-0.5263157894736842,0.023684210526315863,-0.5316618085083553
2013-07-31,19,0.15789473684210525,0.631578947368421,-0.47368421052631576,0.05263157894736842,-0.5197010548366234
2013-09-18,20,0.3,0.6,-0.3,0.17368421052631577,-0.47437682562941424
2013-10-30,21,0.19047619047619047,0.6190476190476191,-0.4285714285714286,-0.12857142857142861,-0.4649271934707008
2013-12-18,23,0.21739130434782608,0.6086956521739131,-0.39130434782608703,0.037267080745341574,-0.4497388355174764
2014-01-29,23,0.17391304347826086,0.6086956521739131,-0.4347826086956522,-0.04347826086956519,-0.4466533732070005
2014-03-19,26,0.15384615384615385,0.5769230769230769,-0.423076923076923,0.0117056856187292,-0.4417895632154869
2014-04-30,25,0.2,0.56,-0.36000000000000004,0.06307692307692297,-0.424916417332706
2014-06-18,24,0.20833333333333334,0.5833333333333334,-0.375,-0.014999999999999958,-0.4146186857178756
2014-07-30,25,0.2,0.52,-0.32,0.05499999999999999,-0.39509889915632185
2014-09-17,25,0.2,0.56,-0.36000000000000004,-0.040000000000000036,-0.3878580142902452
2014-10-29,23,0.13043478260869565,0.5217391304347826,-0.3913043478260869,-0.031304347826086876,-0.3885689911196078
2014-12-17,24,0.20833333333333334,0.4166666666666667,-0.20833333333333334,0.18297101449275358,-0.3513864683232389
2015-01-28,21,0.14285714285714285,0.42857142857142855,-0.2857142857142857,-0.07738095238095236,-0.3378383311897698
2015-03-18,21,0.19047619047619047,0.42857142857142855,-0.23809523809523808,0.047619047619047616,-0.3172613830609194
2015-04-29,19,0.15789473684210525,0.5263157894736842,-0.3684210526315789,-0.13032581453634084,-0.32781559618232153
2015-06-17,18,0.2222222222222222,0.4444444444444444,-0.2222222222222222,0.14619883040935672,-0.306031738350184
2015-07-29,18,0.2222222222222222,0.4444444444444444,-0.2222222222222222,0.0,-0.2887418790509702
2015-09-17,20,0.25,0.45,-0.2,0.0222222222222222,-0.2704344759077182
2015-10-28,19,0.21052631578947367,0.42105263157894735,-0.21052631578947367,-0.010526315789473661,-0.2580754538939821
2015-12-16,19,0.2631578947368421,0.42105263157894735,-0.15789473684210525,0.05263157894736842,-0.2374082245374279
2016-01-27,18,0.1111111111111111,0.5,-0.3888888888888889,-0.23099415204678364,-0.26865860606338937
2016-03-16,20,0.15,0.45,-0.30000000000000004,0.08888888888888885,-0.2751243191715239
2016-04-27,20,0.15,0.45,-0.30000000000000004,0.0,-0.2802561590573996
2016-06-15,19,0.10526315789473684,0.47368421052631576,-0.3684210526315789,-0.06842105263157888,-0.2984445302711048
2016-07-27,21,0.19047619047619047,0.38095238095238093,-0.19047619047619047,0.17794486215538846,-0.27617071851955577
2016-09-21,20,0.25,0.4,-0.15000000000000002,0.04047619047619044,-0.2501417656142825
2016-11-02,21,0.23809523809523808,0.38095238095238093,-0.14285714285714285,0.007142857142857173,-0.2280090043435199
2016-12-14,19,0.21052631578947367,0.3684210526315789,-0.15789473684210525,-0.015037593984962405,-0.21354446782349676
2017-02-01,18,0.1111111111111111,0.4444444444444444,-0.3333333333333333,-0.17543859649122806,-0.23825684778940465
2017-03-15,17,0.11764705882352941,0.4117647058823529,-0.2941176470588235,0.03921568627450983,-0.24978090130355468
2017-05-03,20,0.1,0.4,-0.30000000000000004,-0.005882352941176561,-0.2601410749550082
2017-06-14,18,0.2777777777777778,0.3888888888888889,-0.1111111111111111,0.18888888888888894,-0.22939627179004043
2017-07-26,18,0.16666666666666666,0.4444444444444444,-0.2777777777777778,-0.16666666666666669,-0.23937735103033572
2017-09-20,19,0.10526315789473684,0.3684210526315789,-0.2631578947368421,0.0146198830409357,-0.24428326468994235
2017-11-01,18,0.1111111111111111,0.4444444444444444,-0.3333333333333333,-0.07017543859649122,-0.2626542470155486
2017-12-13,17,0.17647058823529413,0.35294117647058826,-0.17647058823529413,0.15686274509803919,-0.24487460353780852
2018-01-31,14,0.14285714285714285,0.42857142857142855,-0.2857142857142857,-0.10924369747899157,-0.2532998084907731
2018-03-21,16,0.3125,0.3125,0.0,0.2857142857142857,-0.20104419122597
2018-05-02,15,0.13333333333333333,0.3333333333333333,-0.19999999999999998,-0.19999999999999998,-0.20082877512526454
2018-06-13,11,0.2727272727272727,0.2727272727272727,0.0,0.19999999999999998,-0.15939790444725338
2018-08-01,11,0.18181818181818182,0.36363636363636365,-0.18181818181818182,-0.18181818181818182,-0.1640231958763802
2018-09-26,10,0.3,0.2,0.09999999999999998,0.2818181818181818,-0.10955534943708872
2018-11-08,10,0.2,0.3,-0.09999999999999998,-0.19999999999999996,-0.1075840858741218
2018-12-19,10,0.3,0.2,0.09999999999999998,0.19999999999999996,-0.06475959814322979
2019-01-30,10,0.1,0.3,-0.19999999999999998,-0.29999999999999993,-0.09265962191249198
2019-03-20,10,0.1,0.5,-0.4,-0.20000000000000004,-0.15606378025671544
2019-05-01,10,0.1,0.4,-0.30000000000000004,0.09999999999999998,-0.185757746681935
2019-06-19,10,0.1,0.5,-0.4,-0.09999999999999998,-0.2299558108538382
2019-07-31,12,0.08333333333333333,0.5833333333333334,-0.5,-0.09999999999999998,-0.285665785036147
2019-09-18,11,0.09090909090909091,0.45454545454545453,-0.36363636363636365,0.13636363636363635,-0.30175107439017995
2019-10-11,12,0.08333333333333333,0.4166666666666667,-0.33333333333333337,0.030303030303030276,-0.3082664777984163
2019-10-30,11,0.09090909090909091,0.36363636363636365,-0.2727272727272727,0.06060606060606066,-0.3009347584852695
2019-12-11,10,0.1,0.5,-0.4,-0.12727272727272732,-0.3213718657030755
2020-01-29,10,0.1,0.5,-0.4,0.0,-0.3375928084514198
2020-03-03,3,0.0,0.6666666666666666,-0.6666666666666666,-0.2666666666666666,-0.40548057231373164
2020-03-15,25,0.16,0.44,-0.28,0.3866666666666666,-0.3795939962461573
2020-03-23,17,0.0,0.4117647058823529,-0.4117647058823529,-0.1317647058823529,-0.3862307967228303
2020-04-29,13,0.0,0.6153846153846154,-0.6153846153846154,-0.2036199095022625,-0.43350510898153455
2020-06-10,13,0.0,0.6153846153846154,-0.6153846153846154,0.0,-0.47102675548678874
2020-07-29,14,0.0,0.5714285714285714,-0.5714285714285714,0.04395604395604402,-0.49173959730583167
2020-09-16,15,0.0,0.6666666666666666,-0.6666666666666666,-0.09523809523809523,-0.5278269597061312
2020-11-05,15,0.0,0.6666666666666666,-0.6666666666666666,0.0,-0.5564695182246218
2020-12-16,15,0.0,0.7333333333333333,-0.7333333333333333,-0.06666666666666665,-0.5929564302540048
2021-01-27,16,0.0,0.6875,-0.6875,0.04583333333333328,-0.6124607189641936
2021-03-17,16,0.0,0.6875,-0.6875,0.0,-0.6279412831724146
2021-04-28,17,0.11764705882352941,0.5294117647058824,-0.4117647058823529,0.2757352941176471,-0.5833441689829109
2021-06-16,17,0.11764705882352941,0.47058823529411764,-0.3529411764705882,0.05882352941176472,-0.5358121528159239
2021-07-28,17,0.11764705882352941,0.47058823529411764,-0.3529411764705882,0.0,-0.4980859665831036
2021-09-22,18,0.16666666666666666,0.4444444444444444,-0.2777777777777778,0.07516339869281041,-0.45263650311116604
2021-11-03,21,0.3333333333333333,0.3333333333333333,0.0,0.2777777777777778,-0.3592578305989308
2021-12-15,19,0.3157894736842105,0.3157894736842105,0.0,0.0,-0.2851431291102746
2022-01-26,18,0.2777777777777778,0.2777777777777778,0.0,0.0,-0.22631825155557492
2022-03-16,13,0.46153846153846156,0.07692307692307693,0.38461538461538464,0.38461538461538464,-0.10028296375488101
2022-05-04,16,0.375,0.125,0.25,-0.13461538461538464,-0.02801977257551679
2022-06-15,16,0.375,0.1875,0.1875,-0.0625,0.016441843146839552
2022-07-27,13,0.38461538461538464,0.15384615384615385,0.23076923076923078,0.04326923076923078,0.06065747048054145
2022-09-21,13,0.38461538461538464,0.15384615384615385,0.23076923076923078,0.0,0.09575143715201735
2022-11-02,15,0.4,0.2,0.2,-0.03076923076923077,0.11725786083446989
2022-12-14,15,0.4,0.2,0.2,0.0,0.1343275206232693
2023-02-01,13,0.38461538461538464,0.23076923076923078,0.15384615384615385,-0.046153846153846156,0.1383542043906597
2023-03-22,16,0.375,0.1875,0.1875,0.033653846153846145,0.1484929561749596
2023-05-03,15,0.4,0.13333333333333333,0.2666666666666667,0.07916666666666672,0.17287213049190614
2023-06-14,15,0.3333333333333333,0.2,0.1333333333333333,-0.13333333333333341,0.16471529743487118
2023-07-26,15,0.4,0.13333333333333333,0.2666666666666667,0.13333333333333341,0.1857478112825915
2023-09-20,15,0.3333333333333333,0.2,0.1333333333333333,-0.13333333333333341,0.1749347320508415
2023-11-01,15,0.3333333333333333,0.2,0.1333333333333333,0.0,0.16635238537709382
2023-12-13,15,0.3333333333333333,0.2,0.1333333333333333,0.0,0.15954057230796237
2024-01-31,14,0.2857142857142857,0.21428571428571427,0.07142857142857142,-0.06190476190476188,0.14136311287205547
2024-03-20,14,0.2857142857142857,0.21428571428571427,0.07142857142857142,0.0,0.12693565375672153
2024-05-01,17,0.23529411764705882,0.35294117647058826,-0.11764705882352944,-0.18907563025210086,0.07647836879803362
2024-06-12,15,0.26666666666666666,0.26666666666666666,0.0,0.11764705882352944,0.060700921541405245
2024-07-31,16,0.25,0.25,0.0,0.0,0.048178353355132916
2024-09-18,14,0.14285714285714285,0.35714285714285715,-0.2142857142857143,-0.2142857142857143,-0.005967845747247547
2024-11-07,13,0.15384615384615385,0.3076923076923077,-0.15384615384615385,0.06043956043956045,-0.03647506292641318
2024-12-18,14,0.14285714285714285,0.2857142857142857,-0.14285714285714285,0.010989010989011005,-0.058421630060840175
2025-01-29,13,0.23076923076923078,0.23076923076923078,0.0,0.14285714285714285,-0.046369278508137345
2025-03-19,15,0.2,0.4,-0.2,-0.2,-0.07806321554459189
2025-05-07,14,0.2857142857142857,0.21428571428571427,0.07142857142857142,0.27142857142857146,-0.04722313852233128
2025-06-18,13,0.23076923076923078,0.23076923076923078,0.0,-0.07142857142857142,-0.03748102988379434
2025-07-30,14,0.21428571428571427,0.2857142857142857,-0.07142857142857142,-0.07142857142857142,-0.04448438984861478
2025-09-17,14,0.14285714285714285,0.42857142857142855,-0.2857142857142857,-0.21428571428571427,-0.09424999048261311
2025-10-29,15,0.06666666666666667,0.4,-0.33333333333333337,-0.04761904761904767,-0.14357275835867989
2025-12-10,16,0.0625,0.4375,-0.375,-0.04166666666666663,-0.1913160765822349
2026-01-28,12,0.08333333333333333,0.4166666666666667,-0.33333333333333337,0.04166666666666663,-0.2206141619511676
2026-03-18,14,0.07142857142857142,0.2857142857142857,-0.21428571428571427,0.1190476190476191,-0.21930860652644743
2026-04-29,15,0.06666666666666667,0.3333333333333333,-0.26666666666666666,-0.05238095238095239,-0.22907854942378805
2026-06-17,6,0.3333333333333333,0.16666666666666666,0.16666666666666666,0.43333333333333335,-0.14743651950001846
2026-07-29,8,0.375,0.125,0.25,0.08333333333333334,-0.06544557457245455
