date,value,norm,n
2026-06-23,957.0,180322.0,1
2026-06-24,1032.0,151549.0,1
2026-06-25,949.0,170512.0,1
2026-06-26,622.0,135507.0,1
2026-06-27,502.0,130871.0,1
2026-06-28,214.0,65713.0,1
2026-06-29,573.0,119684.0,1
2026-06-30,491.0,116092.0,1
2026-07-05,371.0,99069.0,1
2026-07-06,484.0,113245.0,1
2026-07-07,619.0,146923.0,1
2026-07-08,794.0,158000.0,1
2026-07-09,862.0,165766.0,1
2026-07-10,860.0,153333.0,1
2026-07-11,388.0,115589.0,1
2026-07-12,260.0,111326.0,1
2026-07-13,735.0,163591.0,1
2026-07-14,802.0,169835.0,1
2026-07-15,939.0,171287.0,1
2026-07-16,1090.0,184152.0,1
2026-07-17,1040.0,171520.0,1
2026-07-18,419.0,124309.0,1
2026-07-19,306.0,99201.0,1
2026-07-20,597.0,129669.0,1
2026-07-21,867.0,184866.0,1
2026-07-22,714.0,178527.0,1
2026-07-23,673.0,162852.0,1
2026-07-24,617.0,145879.0,1
2026-07-25,347.0,92281.0,1
2026-07-26,351.0,98797.0,1
2026-07-27,763.0,137794.0,1
2026-07-28,1436.0,193271.0,1
2026-07-29,1034.0,162086.0,1
2026-07-30,1062.0,168455.0,1
2026-07-31,814.0,149894.0,1
2026-08-01,444.0,110262.0,1
2026-08-02,293.0,103171.0,1
2026-08-03,607.0,147538.0,1
2026-08-04,684.0,157631.0,1
2026-08-05,821.0,175970.0,1
2026-08-06,729.0,159186.0,1
2026-08-07,577.0,117971.0,1
2026-08-08,400.0,114555.0,1
2026-08-09,283.0,103098.0,1
2026-08-10,483.0,115167.0,1
2026-08-11,681.0,131138.0,1
2026-08-12,667.0,140458.0,1
2026-08-13,839.0,179907.0,1
2026-08-14,845.0,194350.0,1
2026-08-15,467.0,108259.0,1
2026-08-16,282.0,103863.0,1
2026-08-17,458.0,116203.0,1
2026-08-18,707.0,169174.0,1
2026-08-19,592.0,157610.0,1
2026-08-20,689.0,171970.0,1
2026-08-21,619.0,160721.0,1
2026-08-22,318.0,98241.0,1
2026-08-23,260.0,88414.0,1
2026-08-24,501.0,117661.0,1
2026-08-25,639.0,132186.0,1
2026-08-26,803.0,179831.0,1
2026-08-27,1194.0,172877.0,1
2026-08-28,650.0,125894.0,1
2026-08-29,415.0,91911.0,1
2026-08-30,270.0,79465.0,1
2026-08-31,465.0,107519.0,1
2026-09-01,543.0,116481.0,1
2026-09-02,564.0,105316.0,1
2026-09-03,550.0,120602.0,1
2026-09-04,644.0,156481.0,1
2026-09-05,330.0,102774.0,1
2026-09-06,311.0,98645.0,1
2026-09-07,478.0,118079.0,1
