rung,fold,model,horizon,rows,weighted_quantile_loss,mae_log_return,rmse_log_return,directional_accuracy,q10_q90_coverage,q01_q99_coverage,q10_q90_mean_width,mean_prediction,mean_actual
gaussian,2022,gaussian,1,50,0.6703500945203704,0.017194098474363876,0.02083958967134764,0.4,0.78,0.98,0.05006224370117046,0.0,-0.0030559647084091503
gaussian,2022,gaussian,2,50,0.6914631870441748,0.016876605891608963,0.02216415000422157,0.42,0.76,0.98,0.05006224370117046,0.0,0.00043391719872586386
gaussian,2022,gaussian,3,50,0.6966991164212417,0.014493452197639665,0.017983701436206822,0.5,0.84,0.96,0.05006224370117046,0.0,-0.002776363745055635
gaussian,2022,gaussian,4,50,0.6612608539068936,0.01609491533897209,0.01901051909726617,0.44,0.82,1.0,0.05006224370117046,0.0,-0.002222791539769056
gaussian,2022,gaussian,5,50,0.682450825454368,0.01670880738232122,0.021365282720377222,0.46,0.78,0.96,0.05006224370117046,0.0,-0.0002504704133626883
r0_target,2022,r0_target,1,50,0.6738522637303447,0.017401751942197924,0.021016201519937303,0.38,0.74,1.0,0.051184486001729965,0.0008835475812520599,-0.0030559647084091503
r0_target,2022,r0_target,2,50,0.6987842662284799,0.01697819173701373,0.022200653748649248,0.42,0.74,0.96,0.05195520129054785,0.0008878768628346734,0.00043391719872586386
r0_target,2022,r0_target,3,50,0.7058628015321975,0.014692120549687325,0.018310544022101707,0.48,0.84,1.0,0.05197072509676218,0.0009682699038239662,-0.002776363745055635
r0_target,2022,r0_target,4,50,0.6621704920772781,0.0162440048895861,0.019242724557453565,0.42,0.84,1.0,0.05204627230763435,0.0009575401068286737,-0.002222791539769056
r0_target,2022,r0_target,5,50,0.6912163042838548,0.017001688124889072,0.021521422429794934,0.46,0.74,0.96,0.05144515033811331,0.0010740409187565093,-0.0002504704133626883
gaussian,2022,gaussian,overall,250,0.6801095212403868,0.01627357585698116,0.020331388061298583,0.444,0.796,0.976,0.05006224370117047,0.0,-0.0015743346415741325
r0_target,2022,r0_target,overall,250,0.6859802197689717,0.01646355144867483,0.020509899304360618,0.432,0.78,0.984,0.05172036700695753,0.0009542550746991765,-0.0015743346415741325
r1_qqq,2022,r1_qqq,1,50,0.6880756730963337,0.017706448733561378,0.021240220480026193,0.3,0.72,1.0,0.05052773654460907,0.00015051760419737548,-0.0030559647084091503
r1_qqq,2022,r1_qqq,2,50,0.69742784393152,0.01698118363486013,0.022143853789509477,0.44,0.76,0.98,0.05159671604633331,0.0002851785975508392,0.00043391719872586386
r1_qqq,2022,r1_qqq,3,50,0.6999215830814455,0.014789883381725138,0.018357170615866572,0.46,0.84,0.98,0.05186806246638298,0.0003957753360737115,-0.002776363745055635
r1_qqq,2022,r1_qqq,4,50,0.6662226861113937,0.016475490205548445,0.019340782493309564,0.34,0.78,1.0,0.05195404961705208,0.00039390151505358517,-0.002222791539769056
r1_qqq,2022,r1_qqq,5,50,0.6883976991994957,0.01703311780250867,0.021552071607670316,0.46,0.72,0.96,0.05173686891794205,0.00041645695455372334,-0.0002504704133626883
r1_qqq,2022,r1_qqq,overall,250,0.6878689542790181,0.01659722475164075,0.020576883134950208,0.4,0.764,0.984,0.051536690443754196,0.0003283659752923995,-0.0015743346415741325
r2_qqq_calendar,2022,r2_qqq_calendar,1,50,0.6837309773838975,0.01750050162798307,0.02093806005945058,0.36,0.68,1.0,0.04962713271379471,0.0007660394767299294,-0.0030559647084091503
r2_qqq_calendar,2022,r2_qqq_calendar,2,50,0.7030230879101029,0.017063666548718385,0.022209796707557763,0.42,0.7,0.98,0.05050085484981537,0.0010729734785854816,0.00043391719872586386
r2_qqq_calendar,2022,r2_qqq_calendar,3,50,0.7102442920898898,0.014918108398391217,0.018526159669301472,0.48,0.84,0.98,0.0509142242372036,0.00131342769600451,-0.002776363745055635
r2_qqq_calendar,2022,r2_qqq_calendar,4,50,0.6637060675461679,0.01633768371254529,0.019210583980217147,0.46,0.8,1.0,0.051189813762903214,0.001149089657701552,-0.002222791539769056
r2_qqq_calendar,2022,r2_qqq_calendar,5,50,0.6826075194674343,0.016867896215132235,0.021367814055428685,0.46,0.76,0.96,0.05134529247879982,0.001055465079843998,-0.0002504704133626883
r2_qqq_calendar,2022,r2_qqq_calendar,overall,250,0.6882632810185049,0.01653757130055404,0.020496468160661276,0.436,0.756,0.984,0.05071546509861946,0.0010713990777730942,-0.0015743346415741325
r3_control,2022,r3_control,1,50,0.6893134828885142,0.017519578267738707,0.02119249967287456,0.44,0.72,1.0,0.048757366836071014,0.00021740740339737386,-0.0030559647084091503
r3_control,2022,r3_control,2,50,0.7042626075095086,0.017041555626726223,0.022333741117109743,0.36,0.74,0.98,0.04965170472860336,0.0005547290784306824,0.00043391719872586386
r3_control,2022,r3_control,3,50,0.7050505658652337,0.014881830062898258,0.018444898580045936,0.44,0.84,0.98,0.05025774985551834,0.0008369466522708535,-0.002776363745055635
r3_control,2022,r3_control,4,50,0.6633249022986464,0.01638061761338587,0.019196151666472205,0.4,0.8,1.0,0.05041607841849327,0.0005403170362114906,-0.002222791539769056
r3_control,2022,r3_control,5,50,0.6862187777324814,0.016887398694540635,0.021456612273491146,0.5,0.7,0.98,0.050455670803785324,0.0005023692501708865,-0.0002504704133626883
r3_control,2022,r3_control,overall,250,0.6894410800173382,0.016542196053057942,0.02057673816403456,0.428,0.76,0.988,0.04990771412849426,0.000530353921931237,-0.0015743346415741325
r3_control_nofuture,2022,r3_control_nofuture,1,50,0.6874390244419248,0.017517545399232785,0.02123435075932778,0.42,0.72,1.0,0.05002190172672272,0.0005857970681972802,-0.0030559647084091503
r3_control_nofuture,2022,r3_control_nofuture,2,50,0.7005715418689713,0.017013861324682696,0.022254640731743606,0.44,0.72,0.98,0.050755925476551056,0.0006507379002869129,0.00043391719872586386
r3_control_nofuture,2022,r3_control_nofuture,3,50,0.7015960337964021,0.014753483429033692,0.018360559684290696,0.42,0.84,0.98,0.05094623193144798,0.0007641534321010113,-0.002776363745055635
r3_control_nofuture,2022,r3_control_nofuture,4,50,0.6636793629524502,0.01634695441031919,0.019223080279349283,0.42,0.8,1.0,0.05094176158308983,0.0007688261102885008,-0.002222791539769056
r3_control_nofuture,2022,r3_control_nofuture,5,50,0.6879709103585819,0.016977314920238015,0.02152320207304429,0.44,0.74,0.98,0.05087883770465851,0.0007403146009892225,-0.0002504704133626883
r3_control_nofuture,2022,r3_control_nofuture,overall,250,0.6880939966369118,0.01652183189670128,0.020572077586344807,0.428,0.764,0.988,0.05070893466472626,0.0007019658223725855,-0.0015743346415741325
r4_plus_uncertainty,2022,r4_plus_uncertainty,1,50,0.6889695461641352,0.01748473861779425,0.02116133181054646,0.36,0.72,1.0,0.04793852940201759,0.00017578600090928376,-0.0030559647084091503
r4_plus_uncertainty,2022,r4_plus_uncertainty,2,50,0.7072383682884401,0.017057644205212455,0.022422740348655306,0.4,0.74,0.98,0.049050167202949524,0.0005381784867495298,0.00043391719872586386
r4_plus_uncertainty,2022,r4_plus_uncertainty,3,50,0.7074911980031121,0.014944941434608222,0.018510484605603752,0.4,0.84,0.98,0.04988750070333481,0.0009005751926451921,-0.002776363745055635
r4_plus_uncertainty,2022,r4_plus_uncertainty,4,50,0.6640290104729669,0.016395607765398487,0.01920769116051338,0.42,0.82,1.0,0.05014195293188095,0.000482491246657446,-0.002222791539769056
r4_plus_uncertainty,2022,r4_plus_uncertainty,5,50,0.6854877203911933,0.016887029345395307,0.021445401812958523,0.44,0.7,0.98,0.050254784524440765,0.00044159835670143366,-0.0002504704133626883
r4_plus_uncertainty,2022,r4_plus_uncertainty,overall,250,0.6904094929962044,0.016553992273681744,0.0206012618434428,0.404,0.764,0.988,0.04945458844304085,0.0005077258101664484,-0.0015743346415741325
r5_plus_fed,2022,r5_plus_fed,1,50,0.689534821321677,0.017576656014489725,0.021245268258819276,0.46,0.72,1.0,0.04921715334057808,0.0003415587998460978,-0.0030559647084091503
r5_plus_fed,2022,r5_plus_fed,2,50,0.7001423316930139,0.0169376740143498,0.022265359763886397,0.4,0.74,0.98,0.05003278702497482,0.0005353189189918339,0.00043391719872586386
r5_plus_fed,2022,r5_plus_fed,3,50,0.7015239712954168,0.014728827962047103,0.018339276803007294,0.48,0.84,0.98,0.05047572776675224,0.0007702011498622596,-0.002776363745055635
r5_plus_fed,2022,r5_plus_fed,4,50,0.662175243129552,0.016335218715894474,0.019177690554873988,0.38,0.8,1.0,0.05057837441563606,0.0005762270884588361,-0.002222791539769056
r5_plus_fed,2022,r5_plus_fed,5,50,0.6872240449558987,0.016948026532497055,0.021508014757485427,0.5,0.72,0.96,0.050587642937898636,0.0005905175348743796,-0.0002504704133626883
r5_plus_fed,2022,r5_plus_fed,overall,250,0.6879841176661609,0.016505280647855634,0.020561202573237396,0.444,0.764,0.984,0.05017833784222603,0.0005627647042274475,-0.0015743346415741325
r6_plus_gdelt_fed_recession,2022,r6_plus_gdelt_fed_recession,1,50,0.6898755317337509,0.017436895511908575,0.021227707376219717,0.44,0.7,1.0,0.047567855566740036,-3.9783726606401615e-06,-0.0030559647084091503
r6_plus_gdelt_fed_recession,2022,r6_plus_gdelt_fed_recession,2,50,0.712430759832379,0.017199920153231688,0.022545466291743078,0.38,0.72,0.98,0.04862365126609802,0.000766460900194943,0.00043391719872586386
r6_plus_gdelt_fed_recession,2022,r6_plus_gdelt_fed_recession,3,50,0.7058668904236927,0.014875955130814283,0.018495229010178978,0.42,0.84,0.98,0.04947330802679062,0.0011485996656119823,-0.002776363745055635
r6_plus_gdelt_fed_recession,2022,r6_plus_gdelt_fed_recession,4,50,0.662822241817902,0.016409059960924528,0.019177281226748465,0.44,0.8,1.0,0.04971253499388695,0.0006098743178881705,-0.002222791539769056
r6_plus_gdelt_fed_recession,2022,r6_plus_gdelt_fed_recession,5,50,0.6854821044395089,0.016828275576622358,0.021403618403693918,0.52,0.72,0.96,0.049864910542964935,0.0005965783493593335,-0.0002504704133626883
r6_plus_gdelt_fed_recession,2022,r6_plus_gdelt_fed_recession,overall,250,0.6911487165313682,0.01655002126670029,0.020624597464785812,0.44,0.756,0.984,0.049048446118831635,0.0006235069595277309,-0.0015743346415741325
r7_all_external,2022,r7_all_external,1,50,0.7022153471032264,0.01759267663397641,0.021587628995247302,0.38,0.7,1.0,0.04692910239100456,1.4561648640665226e-05,-0.0030559647084091503
r7_all_external,2022,r7_all_external,2,50,0.7287439931074877,0.0174782692584422,0.022930028186081114,0.46,0.68,0.96,0.04788269102573395,0.0009136626613326371,0.00043391719872586386
r7_all_external,2022,r7_all_external,3,50,0.7069420135524835,0.015033211863614709,0.018546278741864434,0.46,0.84,0.98,0.0486232228577137,0.0014832720626145601,-0.002776363745055635
r7_all_external,2022,r7_all_external,4,50,0.6664889364247758,0.016435110494994763,0.019169868198989602,0.4,0.78,1.0,0.048973388969898224,0.00048095884267240763,-0.002222791539769056
r7_all_external,2022,r7_all_external,5,50,0.6837833051234113,0.01685557831240355,0.021372830884079957,0.62,0.74,0.98,0.04919649288058281,0.0006196492468006909,-0.0002504704133626883
r7_all_external,2022,r7_all_external,overall,250,0.6977077726171576,0.016678969312686327,0.02078488931983023,0.464,0.748,0.984,0.04832097887992859,0.0007024208316579461,-0.0015743346415741325
gaussian,2023,gaussian,1,50,0.6892158493453068,0.009270604184366432,0.011716168342588595,0.54,0.8,1.0,0.03185183928135478,0.0,0.001908795724918292
gaussian,2023,gaussian,2,50,0.702715564235895,0.009150762311379087,0.0121257446215037,0.56,0.8,1.0,0.03185183928135478,0.0,0.0005967839473656558
gaussian,2023,gaussian,3,50,0.6939312679651461,0.007161338531842857,0.009125919139790531,0.56,0.92,1.0,0.03185183928135478,0.0,0.0008444534577968048
gaussian,2023,gaussian,4,50,0.6538817630913158,0.009836309898531768,0.011937335400971255,0.56,0.82,1.0,0.03185183928135478,0.0,0.0024885425057915435
gaussian,2023,gaussian,5,50,0.6907038805235577,0.009178125484894823,0.011543061332963392,0.62,0.78,0.98,0.03185183928135478,0.0,0.0029078802536074222
r0_target,2023,r0_target,1,50,0.6777431431809576,0.009288178867501481,0.011589265648440145,0.54,0.72,0.96,0.028006594330072403,0.0012883309338940308,0.001908795724918292
r0_target,2023,r0_target,2,50,0.7099528971993102,0.009182696202449433,0.012213419070778716,0.54,0.76,0.96,0.028273319639265538,0.0012405407283222303,0.0005967839473656558
r0_target,2023,r0_target,3,50,0.6901278066540152,0.007202579222735528,0.009136760329104201,0.58,0.9,1.0,0.028381340503692627,0.0011986609175801278,0.0008444534577968048
r0_target,2023,r0_target,4,50,0.6468973444724422,0.009792592214449487,0.011769413606091393,0.54,0.72,1.0,0.02818358052521944,0.0012142536643659696,0.0024885425057915435
r0_target,2023,r0_target,5,50,0.6894848469887077,0.00903864278536895,0.011418050808806033,0.62,0.68,0.92,0.028070041462779045,0.0012437613843940198,0.0029078802536074222
gaussian,2023,gaussian,overall,250,0.685255992444673,0.008919428082202993,0.01134307652108221,0.568,0.824,0.996,0.03185183928135478,0.0,0.0017492911778959437
r0_target,2023,r0_target,overall,250,0.6819540088311322,0.008900937858500975,0.011276968155349147,0.564,0.756,0.968,0.02818297529220581,0.0012371095257112756,0.0017492911778959437
r1_qqq,2023,r1_qqq,1,50,0.6698067922147787,0.009224994760517073,0.011462480425156329,0.52,0.78,0.98,0.02915760688483715,0.001309097744524479,0.001908795724918292
r1_qqq,2023,r1_qqq,2,50,0.7070272969619005,0.009126916949287687,0.012165206286528375,0.54,0.8,0.96,0.02979307435452938,0.00110973184928298,0.0005967839473656558
r1_qqq,2023,r1_qqq,3,50,0.6966318738330697,0.0071956332621044,0.009122030864211634,0.54,0.9,1.0,0.030069317668676376,0.001029679668135941,0.0008444534577968048
r1_qqq,2023,r1_qqq,4,50,0.6477871806150114,0.009800374922514619,0.011821298845059358,0.52,0.76,1.0,0.03007795289158821,0.0010820484021678567,0.0024885425057915435
r1_qqq,2023,r1_qqq,5,50,0.6895732188874342,0.009014698120406131,0.011408713106542888,0.58,0.78,0.94,0.030091404914855957,0.0010780366137623787,0.0029078802536074222
r1_qqq,2023,r1_qqq,overall,250,0.6809628102672158,0.008872523602965981,0.011247168441079881,0.54,0.804,0.976,0.029837869107723236,0.0011217189021408558,0.0017492911778959437
r2_qqq_calendar,2023,r2_qqq_calendar,1,50,0.673036194135221,0.009188149518078323,0.011496122316424051,0.54,0.76,0.96,0.027811747044324875,0.0012859766138717532,0.001908795724918292
r2_qqq_calendar,2023,r2_qqq_calendar,2,50,0.7026011444264785,0.009071811524564778,0.012120595391290593,0.58,0.78,0.96,0.028209896758198738,0.0011059067910537124,0.0005967839473656558
r2_qqq_calendar,2023,r2_qqq_calendar,3,50,0.6855978076269706,0.007103962021980985,0.00907272893467681,0.56,0.9,1.0,0.02844919264316559,0.0010204243008047342,0.0008444534577968048
r2_qqq_calendar,2023,r2_qqq_calendar,4,50,0.6504992863289949,0.009748750520504059,0.011792063234975312,0.56,0.72,1.0,0.028391750529408455,0.0011046008439734578,0.0024885425057915435
r2_qqq_calendar,2023,r2_qqq_calendar,5,50,0.6883925300562639,0.008985376348534368,0.011394582061209106,0.62,0.74,0.94,0.028484003618359566,0.0010421721963211894,0.0029078802536074222
r2_qqq_calendar,2023,r2_qqq_calendar,overall,250,0.6793092907001608,0.008819609986732502,0.011227406886391572,0.572,0.78,0.972,0.028269317001104355,0.0011118161492049694,0.0017492911778959437
r3_control,2023,r3_control,1,50,0.674523166481778,0.009227370923537426,0.011533988279780086,0.52,0.76,1.0,0.028484683483839035,0.00111886125523597,0.001908795724918292
r3_control,2023,r3_control,2,50,0.7126932660713826,0.009153468542218383,0.012245903038476114,0.54,0.8,0.96,0.02917843870818615,0.0010054153390228748,0.0005967839473656558
r3_control,2023,r3_control,3,50,0.6886890706662576,0.007112538696504347,0.009073878017017043,0.56,0.9,1.0,0.029779016971588135,0.0009014771785587072,0.0008444534577968048
r3_control,2023,r3_control,4,50,0.651778380574528,0.00975718780084348,0.011835639089467765,0.56,0.78,1.0,0.029916828498244286,0.0009591616690158844,0.0024885425057915435
r3_control,2023,r3_control,5,50,0.6895535195597053,0.009021403940093473,0.011436612566030084,0.62,0.8,0.92,0.03005841001868248,0.0009146027732640505,0.0029078802536074222
r3_control,2023,r3_control,overall,250,0.6827066070505983,0.008854393980639422,0.011280148481072247,0.56,0.808,0.976,0.029483474791049957,0.0009799037361517549,0.0017492911778959437
r3_control_nofuture,2023,r3_control_nofuture,1,50,0.6706652650560352,0.00921948410329748,0.011495393537594817,0.52,0.78,1.0,0.02855277620255947,0.0011043510166928172,0.001908795724918292
r3_control_nofuture,2023,r3_control_nofuture,2,50,0.7089798501573691,0.009132511345388542,0.01217185481097289,0.56,0.78,0.96,0.029186319559812546,0.0010015158914029598,0.0005967839473656558
r3_control_nofuture,2023,r3_control_nofuture,3,50,0.691162619771767,0.007094932087760102,0.009061874708884641,0.54,0.9,1.0,0.02961215004324913,0.0008449263987131417,0.0008444534577968048
r3_control_nofuture,2023,r3_control_nofuture,4,50,0.6511159465634284,0.009767551888636759,0.011816598123819735,0.54,0.74,1.0,0.02953166700899601,0.0009650207939557731,0.0024885425057915435
r3_control_nofuture,2023,r3_control_nofuture,5,50,0.6904916268148928,0.009022279410380174,0.011419751055319694,0.62,0.76,0.92,0.029503686353564262,0.000899891834706068,0.0029078802536074222
r3_control_nofuture,2023,r3_control_nofuture,overall,250,0.6815868585504259,0.008847351767092611,0.011246852010660042,0.556,0.792,0.976,0.029277320951223373,0.0009631412103772163,0.0017492911778959437
r4_plus_uncertainty,2023,r4_plus_uncertainty,1,50,0.6761476793111412,0.009265900737874805,0.011556943293090143,0.5,0.76,1.0,0.028242290019989014,0.0011707186931744218,0.001908795724918292
r4_plus_uncertainty,2023,r4_plus_uncertainty,2,50,0.713623864303351,0.009194540469729855,0.012252382808328409,0.54,0.78,0.96,0.029115281999111176,0.001012770109809935,0.0005967839473656558
r4_plus_uncertainty,2023,r4_plus_uncertainty,3,50,0.6912983037474799,0.007120886163152191,0.009095492439245156,0.52,0.9,1.0,0.029892973601818085,0.0008731053094379604,0.0008444534577968048
r4_plus_uncertainty,2023,r4_plus_uncertainty,4,50,0.6525285588837672,0.009795278068906142,0.011872846151904422,0.56,0.78,1.0,0.030216798186302185,0.0009112866828218102,0.0024885425057915435
r4_plus_uncertainty,2023,r4_plus_uncertainty,5,50,0.6891547089602191,0.009032354270345417,0.011455352512338523,0.64,0.78,0.94,0.03045698255300522,0.0008852663449943066,0.0029078802536074222
r4_plus_uncertainty,2023,r4_plus_uncertainty,overall,250,0.683737618282327,0.008881791942001683,0.011301339587877365,0.552,0.8,0.98,0.029584866017103195,0.0009706294513307512,0.0017492911778959437
r5_plus_fed,2023,r5_plus_fed,1,50,0.6793196970855824,0.009310140892550015,0.011631261104370622,0.5,0.74,1.0,0.027853364124894142,0.0011336415773257613,0.001908795724918292
r5_plus_fed,2023,r5_plus_fed,2,50,0.7125016983468481,0.00913753024187003,0.012222209085196882,0.54,0.78,0.94,0.02849668078124523,0.0009939615847542882,0.0005967839473656558
r5_plus_fed,2023,r5_plus_fed,3,50,0.6869056599466631,0.007108965435923038,0.009069980489601505,0.56,0.9,1.0,0.029011785984039307,0.0009118965826928616,0.0008444534577968048
r5_plus_fed,2023,r5_plus_fed,4,50,0.6525441316201243,0.00977407658117585,0.011840640715368875,0.56,0.74,1.0,0.02913033962249756,0.0009798097889870405,0.0024885425057915435
r5_plus_fed,2023,r5_plus_fed,5,50,0.690378496506793,0.009042303989223906,0.011439338378635974,0.62,0.76,0.92,0.029239732772111893,0.0009244211250916123,0.0029078802536074222
r5_plus_fed,2023,r5_plus_fed,overall,250,0.6837166728123256,0.008874603428148567,0.01129594981374697,0.556,0.784,0.972,0.028746379539370537,0.0009887460619211197,0.0017492911778959437
r6_plus_gdelt_fed_recession,2023,r6_plus_gdelt_fed_recession,1,50,0.6701522968228617,0.00919094109463146,0.011434534639919678,0.5,0.74,1.0,0.02786337397992611,0.0008412178140133619,0.001908795724918292
r6_plus_gdelt_fed_recession,2023,r6_plus_gdelt_fed_recession,2,50,0.7078876266238129,0.009164825604709357,0.01216610516049441,0.52,0.78,0.94,0.028812013566493988,0.0009639624040573835,0.0005967839473656558
r6_plus_gdelt_fed_recession,2023,r6_plus_gdelt_fed_recession,3,50,0.6904763075973667,0.007097849116339658,0.00911028000341897,0.54,0.9,1.0,0.02961745671927929,0.0007731247460469604,0.0008444534577968048
r6_plus_gdelt_fed_recession,2023,r6_plus_gdelt_fed_recession,4,50,0.6621595620898425,0.009917336111024943,0.011982084533535244,0.52,0.76,1.0,0.02997477725148201,0.000834834121633321,0.0024885425057915435
r6_plus_gdelt_fed_recession,2023,r6_plus_gdelt_fed_recession,5,50,0.6911168390697865,0.009087485828019447,0.011513624319601994,0.6,0.78,0.94,0.030227787792682648,0.0008141566650010645,0.0029078802536074222
r6_plus_gdelt_fed_recession,2023,r6_plus_gdelt_fed_recession,overall,250,0.6837103486029402,0.008891687550944974,0.011295076747770617,0.536,0.792,0.976,0.02929908223450184,0.0008454591152258217,0.0017492911778959437
r7_all_external,2023,r7_all_external,1,50,0.6857112062591132,0.009552681445703972,0.011696224537145096,0.44,0.76,1.0,0.02794337086379528,0.0013144883560016751,0.001908795724918292
r7_all_external,2023,r7_all_external,2,50,0.728063006400071,0.009473194870782181,0.012454247757990144,0.62,0.78,0.96,0.028766879811882973,0.001395640429109335,0.0005967839473656558
r7_all_external,2023,r7_all_external,3,50,0.6888388259578903,0.0071052630619429565,0.009135736720127505,0.48,0.9,1.0,0.02950117737054825,0.0009466609917581081,0.0008444534577968048
r7_all_external,2023,r7_all_external,4,50,0.6747403967163669,0.010165962159834762,0.01212253178904104,0.46,0.74,1.0,0.029771652072668076,0.0008688524831086397,0.0024885425057915435
r7_all_external,2023,r7_all_external,5,50,0.6963691453408151,0.00918900641263898,0.011633717033587765,0.54,0.78,0.96,0.03005463443696499,0.0007264337036758661,0.0029078802536074222
r7_all_external,2023,r7_all_external,overall,250,0.6946771806719924,0.00909722159018057,0.01146883420452231,0.508,0.792,0.984,0.029207542538642883,0.001050415332429111,0.0017492911778959437
gaussian,2024,gaussian,1,50,0.7110142270248878,0.010896890058930974,0.013905252102134323,0.68,0.68,0.9,0.027864945602608833,0.0,0.0026014544607985755
gaussian,2024,gaussian,2,50,0.7015449918513174,0.008980867037515572,0.011800919644138057,0.68,0.76,0.94,0.027864945602608833,0.0,0.0008525114872286621
gaussian,2024,gaussian,3,50,0.7061489420943119,0.0072653782129124475,0.009271254004458942,0.62,0.86,0.98,0.027864945602608833,0.0,0.001918767791945172
gaussian,2024,gaussian,4,50,0.7258672783200906,0.008213484276906508,0.011557666803792117,0.56,0.84,0.96,0.027864945602608833,0.0,-0.0005797039133960441
gaussian,2024,gaussian,5,50,0.7245279045111723,0.007183482776526323,0.009740636745230808,0.42,0.84,0.98,0.027864945602608833,0.0,0.00020055360960918506
r0_target,2024,r0_target,1,50,0.6929129984795915,0.01044435694399799,0.0137374182557135,0.68,0.72,0.88,0.026716065667569636,0.0013092182984109969,0.0026014544607985755
r0_target,2024,r0_target,2,50,0.6820805600847316,0.008612099843588501,0.01184537118507034,0.68,0.7,0.98,0.026922937557101248,0.0013308581535238773,0.0008525114872286621
r0_target,2024,r0_target,3,50,0.696724662267013,0.007166114062217735,0.0091393096478479,0.62,0.86,0.98,0.027149879820644856,0.0012646453152410685,0.001918767791945172
r0_target,2024,r0_target,4,50,0.7214707445807497,0.008139498908949223,0.011653149955488927,0.56,0.8,0.96,0.026948385275900363,0.0012786647339817136,-0.0005797039133960441
r0_target,2024,r0_target,5,50,0.7440687514144192,0.007630222716486437,0.009941921002419595,0.42,0.8,0.96,0.026812312379479408,0.0013582788838539272,0.00020055360960918506
gaussian,2024,gaussian,overall,250,0.7133339321993347,0.008508020472558366,0.011375707076366984,0.592,0.796,0.952,0.027864945602608833,0.0,0.0009987166872371103
r0_target,2024,r0_target,overall,250,0.7054292720487589,0.008398458495047978,0.011377118763441071,0.592,0.776,0.952,0.026909916140139104,0.0013083330770023167,0.0009987166872371103
r1_qqq,2024,r1_qqq,1,50,0.6911132260404228,0.01045897189230236,0.013781244930602546,0.66,0.72,0.86,0.025198781862854958,0.001366120995953679,0.0026014544607985755
r1_qqq,2024,r1_qqq,2,50,0.6850168398575252,0.008635731706302456,0.011878871870477817,0.66,0.7,0.96,0.02556791342794895,0.0012861527502536774,0.0008525114872286621
r1_qqq,2024,r1_qqq,3,50,0.6891626159762373,0.007125685515727587,0.009083956740697792,0.6,0.86,0.98,0.02562418207526207,0.0012594563886523247,0.001918767791945172
r1_qqq,2024,r1_qqq,4,50,0.7254557009125955,0.008159279576447931,0.011669208744046339,0.54,0.74,0.94,0.025582285597920418,0.0012951120734214783,-0.0005797039133960441
r1_qqq,2024,r1_qqq,5,50,0.7384841501972775,0.007660163320485858,0.009983084768597229,0.4,0.78,0.96,0.02561202086508274,0.0013019588077440858,0.00020055360960918506
r1_qqq,2024,r1_qqq,overall,250,0.7041229935506543,0.008407966402253239,0.011396323907545643,0.572,0.76,0.94,0.025517037138342857,0.001301760203205049,0.0009987166872371103
r2_qqq_calendar,2024,r2_qqq_calendar,1,50,0.6915175250796312,0.01040019610017116,0.013727466924964581,0.68,0.7,0.86,0.024833519011735916,0.0013702531578019261,0.0026014544607985755
r2_qqq_calendar,2024,r2_qqq_calendar,2,50,0.679991679603473,0.008608227516403954,0.011857792813980934,0.68,0.74,0.96,0.025214478373527527,0.0013786685885861516,0.0008525114872286621
r2_qqq_calendar,2024,r2_qqq_calendar,3,50,0.6918718584653955,0.007113794678008215,0.009118526988275946,0.62,0.82,0.98,0.025431659072637558,0.001268542604520917,0.001918767791945172
r2_qqq_calendar,2024,r2_qqq_calendar,4,50,0.7241663559526779,0.008136704015659931,0.011686723576678411,0.56,0.76,0.96,0.02524746023118496,0.0013290634378790855,-0.0005797039133960441
r2_qqq_calendar,2024,r2_qqq_calendar,5,50,0.733778974387592,0.007596760860412737,0.009892142082575507,0.42,0.8,0.96,0.025219514966011047,0.0012990667019039392,0.00020055360960918506
r2_qqq_calendar,2024,r2_qqq_calendar,overall,250,0.7025849016594872,0.008371136634131198,0.011372177592446958,0.592,0.764,0.944,0.02518932707607746,0.001329118967987597,0.0009987166872371103
r3_control,2024,r3_control,1,50,0.7121340606464602,0.010685546080224767,0.014169423639018955,0.68,0.68,0.88,0.023683087900280952,0.0018255433533340693,0.0026014544607985755
r3_control,2024,r3_control,2,50,0.6752255903105709,0.00854526936261683,0.011717036545113042,0.68,0.7,0.96,0.024306414648890495,0.0017510015750303864,0.0008525114872286621
r3_control,2024,r3_control,3,50,0.6774934930679308,0.007045019709419198,0.008995096581757019,0.6,0.84,1.0,0.02476862259209156,0.0015265397960320115,0.001918767791945172
r3_control,2024,r3_control,4,50,0.7291170842940483,0.008168362437163311,0.011675565124495559,0.56,0.76,0.94,0.024968348443508148,0.0015630312263965607,-0.0005797039133960441
r3_control,2024,r3_control,5,50,0.727670927193501,0.007651706532738012,0.009736920564615743,0.42,0.8,0.96,0.025056591257452965,0.0016267234459519386,0.00020055360960918506
r3_control,2024,r3_control,overall,250,0.7043285251581991,0.008419180824432423,0.01140262879545427,0.588,0.756,0.948,0.024556614458560944,0.0016585678094998002,0.0009987166872371103
r3_control_nofuture,2024,r3_control_nofuture,1,50,0.7049851802067603,0.01067354935346346,0.013974084336969046,0.66,0.66,0.86,0.024432964622974396,0.0016375066479668021,0.0026014544607985755
r3_control_nofuture,2024,r3_control_nofuture,2,50,0.6791667691947222,0.008633685927335474,0.011789427400534482,0.68,0.74,0.96,0.025094816461205482,0.0015182772185653448,0.0008525114872286621
r3_control_nofuture,2024,r3_control_nofuture,3,50,0.6848791752092601,0.007058016494063399,0.009040443824484426,0.62,0.84,1.0,0.025517098605632782,0.001361474278382957,0.001918767791945172
r3_control_nofuture,2024,r3_control_nofuture,4,50,0.7314778281887752,0.008168040086680223,0.011699443792568395,0.56,0.76,0.94,0.02555532194674015,0.0015038482379168272,-0.0005797039133960441
r3_control_nofuture,2024,r3_control_nofuture,5,50,0.7278894044779016,0.0076005565632503965,0.009751313457888721,0.42,0.82,0.96,0.02545493096113205,0.001484610722400248,0.00020055360960918506
r3_control_nofuture,2024,r3_control_nofuture,overall,250,0.7050834310549389,0.008426769684958592,0.011383851327580874,0.588,0.764,0.944,0.02521102875471115,0.0015011434443295002,0.0009987166872371103
r4_plus_uncertainty,2024,r4_plus_uncertainty,1,50,0.716034220508394,0.010747496241982363,0.01431218200156503,0.66,0.66,0.88,0.023440908640623093,0.0019715232774615288,0.0026014544607985755
r4_plus_uncertainty,2024,r4_plus_uncertainty,2,50,0.675912959969499,0.008533335443646558,0.011713363172261817,0.68,0.7,0.96,0.024018460884690285,0.0018521308666095138,0.0008525114872286621
r4_plus_uncertainty,2024,r4_plus_uncertainty,3,50,0.6758390629123643,0.0070551632083394634,0.008985322757836247,0.6,0.84,1.0,0.02453603595495224,0.0016251606866717339,0.001918767791945172
r4_plus_uncertainty,2024,r4_plus_uncertainty,4,50,0.728705303797214,0.008154151665453031,0.011670772382945754,0.54,0.74,0.94,0.024834979325532913,0.0016241174889728427,-0.0005797039133960441
r4_plus_uncertainty,2024,r4_plus_uncertainty,5,50,0.7202990083199473,0.0075767823756336065,0.009608509943020947,0.4,0.8,0.96,0.02503548562526703,0.0017268664669245481,0.00020055360960918506
r4_plus_uncertainty,2024,r4_plus_uncertainty,overall,250,0.7038657741099447,0.008413385787011006,0.011413219062590301,0.576,0.748,0.948,0.02437317557632923,0.001759959734044969,0.0009987166872371103
r5_plus_fed,2024,r5_plus_fed,1,50,0.7115680025826578,0.010696917403055521,0.014175621039998998,0.66,0.68,0.86,0.023631656542420387,0.0017650109948590398,0.0026014544607985755
r5_plus_fed,2024,r5_plus_fed,2,50,0.6713214062574493,0.008467287669619848,0.01164617959588051,0.66,0.72,0.96,0.02417520061135292,0.0016494799638167024,0.0008525114872286621
r5_plus_fed,2024,r5_plus_fed,3,50,0.6814627048473945,0.007048170378927811,0.009066328059881746,0.62,0.82,0.98,0.024590041488409042,0.0014717504382133484,0.001918767791945172
r5_plus_fed,2024,r5_plus_fed,4,50,0.7309523482658834,0.008179199955656956,0.011707270283273534,0.56,0.76,0.94,0.024697372689843178,0.0015546492068096995,-0.0005797039133960441
r5_plus_fed,2024,r5_plus_fed,5,50,0.720384899732566,0.007559762927833621,0.009640204417559051,0.42,0.8,0.96,0.024647386744618416,0.0016229046741500497,0.00020055360960918506
r5_plus_fed,2024,r5_plus_fed,overall,250,0.7031611902479742,0.00839026766701875,0.011390994287036663,0.584,0.756,0.94,0.02434833161532879,0.0016127589624375105,0.0009987166872371103
r6_plus_gdelt_fed_recession,2024,r6_plus_gdelt_fed_recession,1,50,0.7097846440579632,0.010648010856038125,0.014098708637605678,0.7,0.66,0.88,0.023030690848827362,0.0017219627043232322,0.0026014544607985755
r6_plus_gdelt_fed_recession,2024,r6_plus_gdelt_fed_recession,2,50,0.6788485537177364,0.008611288988066573,0.011771065450212077,0.68,0.72,0.94,0.023626461625099182,0.0017316065495833755,0.0008525114872286621
r6_plus_gdelt_fed_recession,2024,r6_plus_gdelt_fed_recession,3,50,0.679808071387434,0.007157519069793734,0.009075789711700293,0.58,0.82,0.98,0.024160128086805344,0.0014503165148198605,0.001918767791945172
r6_plus_gdelt_fed_recession,2024,r6_plus_gdelt_fed_recession,4,50,0.7305534518129818,0.008245599777146844,0.011626352502710715,0.58,0.74,0.94,0.024494895711541176,0.0014111738419160247,-0.0005797039133960441
r6_plus_gdelt_fed_recession,2024,r6_plus_gdelt_fed_recession,5,50,0.7301815178832576,0.007688486314063479,0.009812420133551979,0.38,0.8,0.96,0.024733340367674828,0.0015621127095073462,0.00020055360960918506
r6_plus_gdelt_fed_recession,2024,r6_plus_gdelt_fed_recession,overall,250,0.7055881524111631,0.008470181001021754,0.01141189894248019,0.584,0.748,0.94,0.0240091010928154,0.0015754342311993241,0.0009987166872371103
r7_all_external,2024,r7_all_external,1,50,0.6991168353579545,0.010504171193204745,0.013906828819954016,0.7,0.64,0.88,0.02270563319325447,0.001926435506902635,0.0026014544607985755
r7_all_external,2024,r7_all_external,2,50,0.6776208654035647,0.00855847132415649,0.01168390028011239,0.62,0.7,0.92,0.02334822714328766,0.0018266047118231654,0.0008525114872286621
r7_all_external,2024,r7_all_external,3,50,0.6777744091835959,0.00719267772617497,0.009057782283027173,0.6,0.82,0.98,0.023914072662591934,0.0014415690675377846,0.001918767791945172
r7_all_external,2024,r7_all_external,4,50,0.7439130313203473,0.00839406080285594,0.011748907591720838,0.56,0.74,0.94,0.024333517998456955,0.001404248527251184,-0.0005797039133960441
r7_all_external,2024,r7_all_external,5,50,0.716979274120454,0.0076037078426684545,0.009653201007361436,0.38,0.82,0.98,0.02458740957081318,0.0014908384764567018,0.00020055360960918506
r7_all_external,2024,r7_all_external,overall,250,0.7025990584376146,0.00845061777781212,0.011341763114764427,0.572,0.744,0.94,0.02377777174115181,0.0016179392114281654,0.0009987166872371103
gaussian,2025,gaussian,1,50,0.7579067183750141,0.0075119971096920335,0.010083012481938323,0.46,0.88,0.98,0.03476182524117346,0.0,-0.0017148948026722776
gaussian,2025,gaussian,2,50,0.7554492365745658,0.009920378587671325,0.018970512714670155,0.66,0.84,0.98,0.03476182524117346,0.0,0.005262958057243905
gaussian,2025,gaussian,3,50,0.7476899476437562,0.010264909672599272,0.014845491897792017,0.52,0.78,0.92,0.03476182524117346,0.0,-0.0027606773710705124
gaussian,2025,gaussian,4,50,0.7471840475047162,0.010299620603814343,0.015787854644667886,0.62,0.82,0.96,0.03476182524117346,0.0,0.0007627174748340185
gaussian,2025,gaussian,5,50,0.7520218676903678,0.00930962480227249,0.012372601979718642,0.6,0.78,0.92,0.03476182524117346,0.0,0.00222467192233387
r0_target,2025,r0_target,1,50,0.7407445199611598,0.0076825855375252695,0.010571364776801527,0.46,0.82,0.98,0.028305096253752708,0.0017878923378884793,-0.0017148948026722776
r0_target,2025,r0_target,2,50,0.7029749931440019,0.009654474541607784,0.018617399823314677,0.66,0.84,0.98,0.028557041361927986,0.0017521342565305531,0.005262958057243905
r0_target,2025,r0_target,3,50,0.7341538080295672,0.010370388742022658,0.015263173892802729,0.52,0.78,0.96,0.028639020584523677,0.0017312816879712046,-0.0027606773710705124
r0_target,2025,r0_target,4,50,0.7237084649666452,0.009979556600405268,0.015782396996036483,0.62,0.8,0.94,0.02834898840636015,0.001747728616464883,0.0007627174748340185
r0_target,2025,r0_target,5,50,0.6883256723875876,0.009002732627127903,0.012130563694092546,0.6,0.78,0.96,0.028420510329306127,0.001807269740384072,0.00222467192233387
gaussian,2025,gaussian,overall,250,0.751681815229105,0.009461306155209893,0.014725988979253608,0.572,0.82,0.952,0.03476182524117346,0.0,0.0007549550561338005
r0_target,2025,r0_target,overall,250,0.7173691898296619,0.009337947609737779,0.014748291000548029,0.572,0.804,0.964,0.02845413138717413,0.0017652613278478385,0.0007549550561338005
r1_qqq,2025,r1_qqq,1,50,0.7322916813260316,0.007703037170983068,0.010595763434701401,0.48,0.84,0.98,0.02801017463207245,0.0016457939054816961,-0.0017148948026722776
r1_qqq,2025,r1_qqq,2,50,0.7027714441277144,0.009784992602711857,0.01865526731895405,0.64,0.86,0.98,0.028638930991292,0.0017147206235677004,0.005262958057243905
r1_qqq,2025,r1_qqq,3,50,0.7327535653663776,0.010487790496053952,0.01541827826849987,0.5,0.78,0.94,0.029075585305690765,0.0017005524132400751,-0.0027606773710705124
r1_qqq,2025,r1_qqq,4,50,0.720597346453048,0.009911570895683177,0.01563080084716851,0.62,0.8,0.94,0.029086975380778313,0.0016913063591346145,0.0007627174748340185
r1_qqq,2025,r1_qqq,5,50,0.6852855710855684,0.00903381100230536,0.012173258175345357,0.58,0.8,0.96,0.029120896011590958,0.0017732728738337755,0.00222467192233387
r1_qqq,2025,r1_qqq,overall,250,0.7144047811596205,0.009384240433547483,0.01476836250908097,0.564,0.816,0.96,0.028786512091755867,0.0017051290487870574,0.0007549550561338005
r2_qqq_calendar,2025,r2_qqq_calendar,1,50,0.7331994036464939,0.00783379055716671,0.010656673653632313,0.44,0.84,0.98,0.02705523930490017,0.0018284879624843597,-0.0017148948026722776
r2_qqq_calendar,2025,r2_qqq_calendar,2,50,0.7002963511229502,0.009701133532274829,0.01851460368864024,0.64,0.86,0.98,0.027576593682169914,0.0017987170722335577,0.005262958057243905
r2_qqq_calendar,2025,r2_qqq_calendar,3,50,0.7245382902373086,0.01038867215248614,0.015337836410761923,0.52,0.78,0.96,0.0280732661485672,0.0016722111031413078,-0.0027606773710705124
r2_qqq_calendar,2025,r2_qqq_calendar,4,50,0.7233677816199857,0.009951612664490163,0.015681164166843727,0.62,0.8,0.94,0.028157388791441917,0.0016258828109130263,0.0007627174748340185
r2_qqq_calendar,2025,r2_qqq_calendar,5,50,0.6822538821114694,0.00898030954020715,0.012157480128794055,0.6,0.78,0.94,0.028233256191015244,0.0016458550235256553,0.00222467192233387
r2_qqq_calendar,2025,r2_qqq_calendar,overall,250,0.7122538399807901,0.009371103689324999,0.014733008529015736,0.564,0.812,0.96,0.02781914919614792,0.0017142307478934526,0.0007549550561338005
r3_control,2025,r3_control,1,50,0.7361368064585134,0.007876009008637334,0.010719918967017846,0.46,0.8,0.98,0.02602125145494938,0.001752798561938107,-0.0017148948026722776
r3_control,2025,r3_control,2,50,0.6971329605458899,0.009738520488666684,0.018499954188594188,0.62,0.84,0.98,0.026736080646514893,0.002009263029322028,0.005262958057243905
r3_control,2025,r3_control,3,50,0.7298817535687089,0.010414445740834657,0.015485070571940344,0.52,0.78,0.94,0.027402257546782494,0.0018415558151900768,-0.0027606773710705124
r3_control,2025,r3_control,4,50,0.7152967091712468,0.00985509471606229,0.015474677955305124,0.64,0.8,0.94,0.027691800147294998,0.0016790509689599276,0.0007627174748340185
r3_control,2025,r3_control,5,50,0.692200698403192,0.009111603739007029,0.01233911812318032,0.54,0.8,0.94,0.02791960909962654,0.0016030819388106465,0.00222467192233387
r3_control,2025,r3_control,overall,250,0.71341659785771,0.0093991347386416,0.014755825101536606,0.556,0.804,0.956,0.02715419977903366,0.0017771500861272216,0.0007549550561338005
r3_control_nofuture,2025,r3_control_nofuture,1,50,0.7323568881162682,0.007788068393151912,0.010590002448516775,0.46,0.82,0.98,0.02706470526754856,0.0016613471088930964,-0.0017148948026722776
r3_control_nofuture,2025,r3_control_nofuture,2,50,0.697866929754479,0.009696757997211383,0.018432254540093587,0.64,0.84,0.98,0.027607101947069168,0.0018620784394443035,0.005262958057243905
r3_control_nofuture,2025,r3_control_nofuture,3,50,0.7260722384935124,0.010411476253730092,0.015449126658233982,0.5,0.78,0.98,0.028069140389561653,0.0017680018208920956,-0.0027606773710705124
r3_control_nofuture,2025,r3_control_nofuture,4,50,0.7176274011214492,0.009892616471924265,0.015641242173003056,0.62,0.8,0.94,0.028137169778347015,0.0017828955315053463,0.0007627174748340185
r3_control_nofuture,2025,r3_control_nofuture,5,50,0.6881210231931343,0.009060907179028603,0.012215752893285081,0.56,0.8,0.94,0.028178513050079346,0.0016420367173850536,0.00222467192233387
r3_control_nofuture,2025,r3_control_nofuture,overall,250,0.7118482559637596,0.009369965259009252,0.014727150092647797,0.556,0.808,0.964,0.027811329811811447,0.0017432719469070435,0.0007549550561338005
r4_plus_uncertainty,2025,r4_plus_uncertainty,1,50,0.7401586613680414,0.007932565697142558,0.01077070677114072,0.48,0.8,0.98,0.025688815861940384,0.001704734400846064,-0.0017148948026722776
r4_plus_uncertainty,2025,r4_plus_uncertainty,2,50,0.6996658048380918,0.009788049699588061,0.018554835152202222,0.62,0.84,0.98,0.02640034630894661,0.0019818649161607027,0.005262958057243905
r4_plus_uncertainty,2025,r4_plus_uncertainty,3,50,0.7304233054173991,0.010402663250651988,0.01549890383467753,0.52,0.78,0.94,0.027082733809947968,0.0018241587094962597,-0.0027606773710705124
r4_plus_uncertainty,2025,r4_plus_uncertainty,4,50,0.7115832819307755,0.009810050765431717,0.015383146729779976,0.64,0.8,0.94,0.02746860682964325,0.0016492194263264537,0.0007627174748340185
r4_plus_uncertainty,2025,r4_plus_uncertainty,5,50,0.6941481146697223,0.00913186349397211,0.012356597068321597,0.54,0.78,0.94,0.027800681069493294,0.001559640746563673,0.00222467192233387
r4_plus_uncertainty,2025,r4_plus_uncertainty,overall,250,0.7142786509387031,0.009413038581357287,0.01476369023226017,0.56,0.8,0.956,0.02688823640346527,0.0017439236398786306,0.0007549550561338005
r5_plus_fed,2025,r5_plus_fed,1,50,0.7362181633286848,0.00786685032132052,0.010727806392148004,0.44,0.8,0.98,0.0261395126581192,0.0017548202304169536,-0.0017148948026722776
r5_plus_fed,2025,r5_plus_fed,2,50,0.695356034717418,0.009677317993540631,0.01834875259751401,0.66,0.86,0.98,0.026762206107378006,0.001920362003147602,0.005262958057243905
r5_plus_fed,2025,r5_plus_fed,3,50,0.7318932389420734,0.010456397416501152,0.015509078585081429,0.52,0.78,0.94,0.027306709438562393,0.0017862517852336168,-0.0027606773710705124
r5_plus_fed,2025,r5_plus_fed,4,50,0.7186744117031105,0.00985967555605882,0.01555737317866132,0.64,0.78,0.94,0.02752380631864071,0.0017170317005366087,0.0007627174748340185
r5_plus_fed,2025,r5_plus_fed,5,50,0.689362673502082,0.009094601133406745,0.012267453507888756,0.56,0.8,0.94,0.02768503688275814,0.0015972869005054235,0.00222467192233387
r5_plus_fed,2025,r5_plus_fed,overall,250,0.7136702456877946,0.009390968484165573,0.014729673086791593,0.564,0.804,0.956,0.02708345279097557,0.0017551503842696548,0.0007549550561338005
r6_plus_gdelt_fed_recession,2025,r6_plus_gdelt_fed_recession,1,50,0.7480507139750967,0.008035231856111763,0.01082727506295798,0.42,0.76,0.98,0.025381650775671005,0.0018830683548003435,-0.0017148948026722776
r6_plus_gdelt_fed_recession,2025,r6_plus_gdelt_fed_recession,2,50,0.6908305824593495,0.009636911354085745,0.0183013450431558,0.64,0.84,0.98,0.026040326803922653,0.0021228936966508627,0.005262958057243905
r6_plus_gdelt_fed_recession,2025,r6_plus_gdelt_fed_recession,3,50,0.7416579171941747,0.01049147148683,0.01583076480604736,0.5,0.78,0.92,0.026718419045209885,0.002002245280891657,-0.0027606773710705124
r6_plus_gdelt_fed_recession,2025,r6_plus_gdelt_fed_recession,4,50,0.709455277238132,0.009828464182668816,0.015380081768947616,0.6,0.78,0.94,0.026997193694114685,0.0016623403644189239,0.0007627174748340185
r6_plus_gdelt_fed_recession,2025,r6_plus_gdelt_fed_recession,5,50,0.6913179196466227,0.009056904464528549,0.012316421789033673,0.56,0.78,0.94,0.027229242026805878,0.001663894858211279,0.00222467192233387
r6_plus_gdelt_fed_recession,2025,r6_plus_gdelt_fed_recession,overall,250,0.715096569842737,0.009409796668844974,0.014771752712030356,0.544,0.788,0.952,0.02647336758673191,0.0018668884877115488,0.0007549550561338005
r7_all_external,2025,r7_all_external,1,50,0.7621521440454659,0.008160993277980278,0.010925891036574863,0.46,0.74,0.98,0.025094948709011078,0.0019546474795788527,-0.0017148948026722776
r7_all_external,2025,r7_all_external,2,50,0.6986337830062244,0.009708802844455779,0.018379006926903092,0.58,0.82,0.98,0.025703100487589836,0.001976562896743417,0.005262958057243905
r7_all_external,2025,r7_all_external,3,50,0.7418003230431204,0.010444249561487545,0.015796096384040472,0.5,0.76,0.92,0.026278292760252953,0.0019249713514000177,-0.0027606773710705124
r7_all_external,2025,r7_all_external,4,50,0.7124305280193862,0.009946220831169982,0.01541544388249417,0.62,0.78,0.94,0.02657734602689743,0.0015552880940958858,0.0007627174748340185
r7_all_external,2025,r7_all_external,5,50,0.6926377856872623,0.009167814439752134,0.012337786266776894,0.54,0.78,0.94,0.026796160265803337,0.001727706054225564,0.00222467192233387
r7_all_external,2025,r7_all_external,overall,250,0.719910573255538,0.009485616190969144,0.01480902786542824,0.54,0.776,0.952,0.026089970022439957,0.0018278352217748761,0.0007549550561338005
gaussian,2025H2_2026H1,gaussian,1,50,0.6855763351031177,0.009999122533012378,0.012888816497429616,0.58,0.72,0.96,0.026981427426958745,0.0,-0.0003221382317541101
gaussian,2025H2_2026H1,gaussian,2,50,0.7122409437819929,0.007275193066796681,0.009844553468590578,0.48,0.84,0.98,0.026981427426958745,0.0,-0.0017806822418072001
gaussian,2025H2_2026H1,gaussian,3,50,0.6835412667584602,0.008987984503110658,0.011001305003609404,0.62,0.76,0.94,0.026981427426958745,0.0,0.0027319943408300575
gaussian,2025H2_2026H1,gaussian,4,50,0.696590720510914,0.009052862323823307,0.012267620483854325,0.58,0.8,0.92,0.026981427426958745,0.0,0.0036034375011529274
gaussian,2025H2_2026H1,gaussian,5,50,0.7226873370505184,0.0077738733136692925,0.011199472558660203,0.6,0.78,0.98,0.026981427426958745,0.0,0.0013036069190621121
r0_target,2025H2_2026H1,r0_target,1,50,0.6851642802942218,0.009849522087163196,0.013087602007594698,0.58,0.7,1.0,0.0253033016435802,0.0018903810787014664,-0.0003221382317541101
r0_target,2025H2_2026H1,r0_target,2,50,0.7285784065104389,0.007514039837198845,0.010343258768439088,0.48,0.84,0.98,0.025565759390592576,0.001861918552313,-0.0017806822418072001
r0_target,2025H2_2026H1,r0_target,3,50,0.6602362710973467,0.00863159551321276,0.010669558189049086,0.62,0.76,0.98,0.025610820055007935,0.0018585121515206993,0.0027319943408300575
r0_target,2025H2_2026H1,r0_target,4,50,0.6869938073990685,0.008885902561139572,0.011958138640971963,0.58,0.74,0.98,0.02542429942637682,0.0018627094360999764,0.0036034375011529274
r0_target,2025H2_2026H1,r0_target,5,50,0.6997512260591038,0.007625660583219173,0.011165080645671614,0.6,0.8,0.98,0.0255134866759181,0.0019229245744645596,0.0013036069190621121
gaussian,2025H2_2026H1,gaussian,overall,250,0.6986633523945421,0.008617807148082463,0.011489022877606772,0.572,0.78,0.956,0.02698142742695875,0.0,0.0011072436574967575
r0_target,2025H2_2026H1,r0_target,overall,250,0.6903106733682679,0.008501344116386709,0.011487070172943587,0.572,0.768,0.984,0.025483533438295125,0.0018792891586199402,0.0011072436574967575
r1_qqq,2025H2_2026H1,r1_qqq,1,50,0.6866141943614685,0.009833751288743931,0.013189433981795307,0.54,0.72,1.0,0.025106796994805336,0.0017299551982432604,-0.0003221382317541101
r1_qqq,2025H2_2026H1,r1_qqq,2,50,0.7148824883647469,0.007468000225864864,0.010265144986788514,0.52,0.84,0.98,0.02582632005214691,0.0017188966739922762,-0.0017806822418072001
r1_qqq,2025H2_2026H1,r1_qqq,3,50,0.6545496814947714,0.008700565181144976,0.010708586725648945,0.6,0.78,0.96,0.026215635240077972,0.0016642664559185505,0.0027319943408300575
r1_qqq,2025H2_2026H1,r1_qqq,4,50,0.6920533057037919,0.008909493223889054,0.012045209782213623,0.58,0.8,0.98,0.02636808156967163,0.0016950825229287148,0.0036034375011529274
r1_qqq,2025H2_2026H1,r1_qqq,5,50,0.6976662340209706,0.007569688538863005,0.011158426280139333,0.6,0.82,0.98,0.026659300550818443,0.0018242709338665009,0.0013036069190621121
r1_qqq,2025H2_2026H1,r1_qqq,overall,250,0.6878353549933928,0.008496299691701166,0.011520466620476011,0.568,0.792,0.98,0.02603522688150406,0.0017264942871406674,0.0011072436574967575
r2_qqq_calendar,2025H2_2026H1,r2_qqq_calendar,1,50,0.6865909165437772,0.009906302013254398,0.013230287320015837,0.54,0.7,0.98,0.024489250034093857,0.0017389474669471383,-0.0003221382317541101
r2_qqq_calendar,2025H2_2026H1,r2_qqq_calendar,2,50,0.7240762965235137,0.007491235951103784,0.010348994554981259,0.52,0.84,0.98,0.02506444603204727,0.0017569736810401082,-0.0017806822418072001
r2_qqq_calendar,2025H2_2026H1,r2_qqq_calendar,3,50,0.65075160197476,0.008627832101466174,0.010696658787914476,0.62,0.78,0.96,0.02548607811331749,0.0016276802634820342,0.0027319943408300575
r2_qqq_calendar,2025H2_2026H1,r2_qqq_calendar,4,50,0.6930270640935843,0.008932649140604097,0.011987551508120087,0.58,0.78,0.98,0.025750843808054924,0.001705097733065486,0.0036034375011529274
r2_qqq_calendar,2025H2_2026H1,r2_qqq_calendar,5,50,0.6980238447509541,0.0075228964223811945,0.011102784120139379,0.6,0.8,0.96,0.026232821866869926,0.0017123018624261022,0.0013036069190621121
r2_qqq_calendar,2025H2_2026H1,r2_qqq_calendar,overall,250,0.6888591006434694,0.00849618312576193,0.011519842937058846,0.572,0.78,0.972,0.025404689833521843,0.001708200084976852,0.0011072436574967575
r3_control,2025H2_2026H1,r3_control,1,50,0.6881577247794284,0.009884199175824638,0.013266525235778117,0.54,0.7,1.0,0.023670608177781105,0.0019249188480898738,-0.0003221382317541101
r3_control,2025H2_2026H1,r3_control,2,50,0.7302556904655847,0.007530440981516191,0.010510222830800234,0.5,0.82,0.98,0.024337634444236755,0.0020148707553744316,-0.0017806822418072001
r3_control,2025H2_2026H1,r3_control,3,50,0.6551007495696304,0.008620645125990067,0.010744271706613635,0.62,0.76,0.96,0.02476406842470169,0.001764757907949388,0.0027319943408300575
r3_control,2025H2_2026H1,r3_control,4,50,0.6913065646876677,0.008960067164277915,0.011967120594399014,0.58,0.74,0.98,0.025108082219958305,0.0018191474955528975,0.0036034375011529274
r3_control,2025H2_2026H1,r3_control,5,50,0.7020631738072644,0.007596707376726585,0.011143957808460676,0.6,0.8,0.96,0.02567431516945362,0.0017689247615635395,0.0013036069190621121
r3_control,2025H2_2026H1,r3_control,overall,250,0.6915404985629972,0.008518411964867077,0.011569828185827058,0.568,0.764,0.976,0.024710942059755325,0.0018585240468382835,0.0011072436574967575
r3_control_nofuture,2025H2_2026H1,r3_control_nofuture,1,50,0.6774733824109612,0.009777584815920191,0.013079150424774276,0.56,0.7,1.0,0.024398354813456535,0.001808911212719977,-0.0003221382317541101
r3_control_nofuture,2025H2_2026H1,r3_control_nofuture,2,50,0.7234174557148928,0.007462930140693254,0.010402386025113603,0.48,0.82,0.98,0.024800878018140793,0.0018954792758449912,-0.0017806822418072001
r3_control_nofuture,2025H2_2026H1,r3_control_nofuture,3,50,0.6555175847695742,0.00861685943593018,0.010695764858166451,0.64,0.74,0.96,0.02495671436190605,0.001733969198539853,0.0027319943408300575
r3_control_nofuture,2025H2_2026H1,r3_control_nofuture,4,50,0.6882960621838298,0.008929082914380613,0.011961085399142665,0.58,0.74,0.98,0.02502688392996788,0.0018691420555114746,0.0036034375011529274
r3_control_nofuture,2025H2_2026H1,r3_control_nofuture,5,50,0.7011774677730956,0.007574640089953931,0.011135236513983552,0.6,0.78,0.96,0.02537800371646881,0.001826656749472022,0.0013036069190621121
r3_control_nofuture,2025H2_2026H1,r3_control_nofuture,overall,250,0.6872012032819689,0.008472219479375633,0.011495514367773865,0.572,0.756,0.976,0.024912167340517044,0.0018268316052854061,0.0011072436574967575
r4_plus_uncertainty,2025H2_2026H1,r4_plus_uncertainty,1,50,0.6899000244469485,0.009871599471037502,0.013281228211230267,0.54,0.7,1.0,0.023289745673537254,0.0019472682615742087,-0.0003221382317541101
r4_plus_uncertainty,2025H2_2026H1,r4_plus_uncertainty,2,50,0.7297220062214084,0.007531472106946209,0.010491531896962432,0.5,0.82,0.98,0.02399764582514763,0.0019706222228705883,-0.0017806822418072001
r4_plus_uncertainty,2025H2_2026H1,r4_plus_uncertainty,3,50,0.656210992204161,0.00861121530215003,0.010760883303599308,0.62,0.76,0.96,0.024445028975605965,0.001731455442495644,0.0027319943408300575
r4_plus_uncertainty,2025H2_2026H1,r4_plus_uncertainty,4,50,0.6934516199744066,0.008982432168102149,0.01199398104229927,0.58,0.74,0.98,0.02485998161137104,0.001794300857000053,0.0036034375011529274
r4_plus_uncertainty,2025H2_2026H1,r4_plus_uncertainty,5,50,0.699987011452571,0.007569896843126657,0.011137619019288815,0.6,0.8,0.96,0.025494666770100594,0.0017489008605480194,0.0013036069190621121
r4_plus_uncertainty,2025H2_2026H1,r4_plus_uncertainty,overall,250,0.6921623904700428,0.008513323178272508,0.01157723639284695,0.568,0.764,0.976,0.024417411535978317,0.0018385095754638314,0.0011072436574967575
r5_plus_fed,2025H2_2026H1,r5_plus_fed,1,50,0.6798517367240704,0.00977334525220641,0.013114853295541013,0.56,0.7,1.0,0.02370145171880722,0.0018713638419285417,-0.0003221382317541101
r5_plus_fed,2025H2_2026H1,r5_plus_fed,2,50,0.7231347678675194,0.007484955911433838,0.010401663517632885,0.48,0.82,0.98,0.02427002042531967,0.0019125096732750535,-0.0017806822418072001
r5_plus_fed,2025H2_2026H1,r5_plus_fed,3,50,0.6556196515132863,0.008627507038542334,0.010728120916535957,0.62,0.72,0.96,0.024585893377661705,0.0017422590171918273,0.0027319943408300575
r5_plus_fed,2025H2_2026H1,r5_plus_fed,4,50,0.6912968810397817,0.00897530677449822,0.011981682062645068,0.58,0.74,0.98,0.024901049211621284,0.0018173358403146267,0.0036034375011529274
r5_plus_fed,2025H2_2026H1,r5_plus_fed,5,50,0.7017744297612174,0.007612193287425356,0.011165822290087403,0.6,0.78,0.96,0.025391507893800735,0.0017682701582089067,0.0013036069190621121
r5_plus_fed,2025H2_2026H1,r5_plus_fed,overall,250,0.6884648409508558,0.00849466165282123,0.01151974697431812,0.568,0.752,0.976,0.024569984525442123,0.001822347636334598,0.0011072436574967575
r6_plus_gdelt_fed_recession,2025H2_2026H1,r6_plus_gdelt_fed_recession,1,50,0.6862403523491512,0.009811789752269769,0.013205848445872928,0.52,0.72,1.0,0.02322600781917572,0.002084817038848996,-0.0003221382317541101
r6_plus_gdelt_fed_recession,2025H2_2026H1,r6_plus_gdelt_fed_recession,2,50,0.7306402369956904,0.0075319316942641,0.010548400293594223,0.5,0.82,0.98,0.023730618879199028,0.002096516778692603,-0.0017806822418072001
r6_plus_gdelt_fed_recession,2025H2_2026H1,r6_plus_gdelt_fed_recession,3,50,0.6602160193592727,0.008667158636987898,0.010826170906125768,0.64,0.74,0.96,0.024075930938124657,0.0018189898692071438,0.0027319943408300575
r6_plus_gdelt_fed_recession,2025H2_2026H1,r6_plus_gdelt_fed_recession,4,50,0.6841644840171676,0.008877508556595328,0.011892370908461231,0.58,0.72,0.98,0.024413447827100754,0.0018954277038574219,0.0036034375011529274
r6_plus_gdelt_fed_recession,2025H2_2026H1,r6_plus_gdelt_fed_recession,5,50,0.6978621914449977,0.00759982426483711,0.011117900425202349,0.6,0.8,0.96,0.025043200701475143,0.0017974296351894736,0.0013036069190621121
r6_plus_gdelt_fed_recession,2025H2_2026H1,r6_plus_gdelt_fed_recession,overall,250,0.68996904070712,0.008497642580990842,0.011557727753386792,0.568,0.76,0.976,0.02409783937036991,0.0019386362982913852,0.0011072436574967575
r7_all_external,2025H2_2026H1,r7_all_external,1,50,0.6786151039930161,0.009698462032532926,0.013052121416813944,0.52,0.72,1.0,0.023394396528601646,0.0019370898371562362,-0.0003221382317541101
r7_all_external,2025H2_2026H1,r7_all_external,2,50,0.7313873127134388,0.007564650446085773,0.010503635089296439,0.48,0.82,0.98,0.023718643933534622,0.002028081566095352,-0.0017806822418072001
r7_all_external,2025H2_2026H1,r7_all_external,3,50,0.6591088830868178,0.008620290680656817,0.010811517512117473,0.64,0.74,0.96,0.023871779441833496,0.0018263522069901228,0.0027319943408300575
r7_all_external,2025H2_2026H1,r7_all_external,4,50,0.6890935875913349,0.008984476396124135,0.011963543015155993,0.58,0.72,0.98,0.024174315854907036,0.0018780368845909834,0.0036034375011529274
r7_all_external,2025H2_2026H1,r7_all_external,5,50,0.6960131413129417,0.007628225090522932,0.011124812441946717,0.6,0.8,0.98,0.02481723763048649,0.0018138529267162085,0.0013036069190621121
r7_all_external,2025H2_2026H1,r7_all_external,overall,250,0.6887967382685158,0.008499220929184516,0.011527887471927852,0.564,0.76,0.98,0.02399527281522751,0.001896682777442038,0.0011072436574967575
