fold,rung,mean_delta_wql,ci_lo,ci_hi,win_share,n,sig
2022,r0_target,-0.006396209625355862,-0.015551245502585201,0.002562905633671682,0.56,50,
2022,r1_qqq,-0.0015721262310924985,-0.008235405155985209,0.004948735933345775,0.54,50,
2022,r2_qqq_calendar,-0.0011777994355589483,-0.007426967017445239,0.004492795019594865,0.32,50,
2022,r3_control_nofuture,-0.0013470834225929936,-0.004813233079841673,0.0018471817019102515,0.5,50,
2022,r4_plus_uncertainty,0.000968412793158157,-0.0005408022722956683,0.0026887571493881637,0.52,50,
2022,r5_plus_fed,-0.0014569624761411259,-0.0037139136542513173,0.000508681784470355,0.5,50,
2022,r6_plus_gdelt_fed_recession,0.0017076363500622368,-0.0034394047641852126,0.006938836887635374,0.54,50,
2022,r7_all_external,0.00826669263669999,-0.00158592195267013,0.01853836414523937,0.5,50,
2023,r0_target,0.0008983937885907178,-0.005384019876233681,0.007418642296780583,0.46,50,
2023,r1_qqq,-0.0017437967446424748,-0.006819593863411465,0.0031730182786242366,0.58,50,
2023,r2_qqq_calendar,-0.0033973161079515757,-0.007537192199014202,0.0007684663398421255,0.58,50,
2023,r3_control_nofuture,-0.0011197480616177442,-0.0038524775054713744,0.001346086124365825,0.56,50,
2023,r4_plus_uncertainty,0.0010310113000168658,-0.001271284629724957,0.003501782035064683,0.52,50,
2023,r5_plus_fed,0.0010100657323043815,-0.0009317510094251773,0.0029915376218192396,0.52,50,
2023,r6_plus_gdelt_fed_recession,0.0010037417605096792,-0.004090825155029152,0.005819968344571937,0.42,50,
2023,r7_all_external,0.011970574143199995,0.0014419764508949854,0.024150086477513148,0.34,50,worse
2024,r0_target,0.005053076994757667,-0.004852489217605895,0.014595204504464724,0.38,50,
2024,r1_qqq,-0.00020553169502203977,-0.006422019699999219,0.005262249995150876,0.4,50,
2024,r2_qqq_calendar,-0.0017436236871099023,-0.007977766774311158,0.003937810153955745,0.36,50,
2024,r3_control_nofuture,0.0007549060009194814,-0.0020914797163517217,0.0033631111191195413,0.36,50,
2024,r4_plus_uncertainty,-0.00046275075426953875,-0.0030337949274754058,0.0021962952100265634,0.46,50,
2024,r5_plus_fed,-0.0011673352359601397,-0.004058145386974408,0.0015629916468459318,0.5,50,
2024,r6_plus_gdelt_fed_recession,0.001259627053578368,-0.0026591785176499527,0.005939824742618751,0.6,50,
2024,r7_all_external,-0.0017294663173894982,-0.010111555086650853,0.007203090590370521,0.6,50,
2025,r0_target,0.021108904682722928,0.007123862618980087,0.03652714850187219,0.36,50,worse
2025,r1_qqq,0.0009881833913330472,-0.005726016318959517,0.0077437690374987,0.48,50,
2025,r2_qqq_calendar,-0.001162757984111336,-0.006739115263394682,0.004302711281096583,0.48,50,
2025,r3_control_nofuture,-0.0015683419207247781,-0.0058099945020657975,0.0026882755137297184,0.48,50,
2025,r4_plus_uncertainty,0.0008620530014732743,-0.001533751365284289,0.0031418849946146087,0.46,50,
2025,r5_plus_fed,0.0002536479272107148,-0.002264507692217963,0.0027833468471147992,0.52,50,
2025,r6_plus_gdelt_fed_recession,0.0016799718393324253,-0.0028944652095609633,0.007132825857180168,0.54,50,
2025,r7_all_external,0.006493975392453655,-0.002643631698171694,0.017289854801241268,0.56,50,
2025H2_2026H1,r0_target,0.00294651453515241,-0.00786185818411862,0.01515598542405141,0.42,50,
2025H2_2026H1,r1_qqq,-0.003705143476679151,-0.010554931328858949,0.003111496800087096,0.52,50,
2025H2_2026H1,r2_qqq_calendar,-0.0026813976180384337,-0.0080582495734872,0.0028227688657565006,0.56,50,
2025H2_2026H1,r3_control_nofuture,-0.004339294970928945,-0.007863558895833168,-0.0009986791766616351,0.6,50,better
2025H2_2026H1,r4_plus_uncertainty,0.0006218919404035249,-0.0010428674935485265,0.0023436931549856016,0.46,50,
2025H2_2026H1,r5_plus_fed,-0.003075657504546274,-0.00527146394973242,-0.0008439600364174065,0.66,50,better
2025H2_2026H1,r6_plus_gdelt_fed_recession,-0.0015714578899496676,-0.004947874353300336,0.0022659996848099066,0.58,50,
2025H2_2026H1,r7_all_external,-0.002743759810278097,-0.0079114245095082,0.002340226629015611,0.58,50,
