fold,rung,windows,n_features,seconds
2022,r0_target,50,0,1.9
2022,r1_qqq,50,6,4.0
2022,r2_qqq_calendar,50,12,6.3
2022,r3_control,50,21,7.2
2022,r3_control_nofuture,50,21,6.2
2022,r4_plus_uncertainty,50,23,6.8
2022,r5_plus_fed,50,25,6.9
2022,r6_plus_gdelt_fed_recession,50,25,7.0
2022,r7_all_external,50,42,14.9
2023,r0_target,50,0,0.7
2023,r1_qqq,50,6,3.7
2023,r2_qqq_calendar,50,12,6.3
2023,r3_control,50,21,10.7
2023,r3_control_nofuture,50,21,10.7
2023,r4_plus_uncertainty,50,23,11.5
2023,r5_plus_fed,50,25,12.5
2023,r6_plus_gdelt_fed_recession,50,25,12.6
2023,r7_all_external,50,42,20.7
2024,r0_target,50,0,0.7
2024,r1_qqq,50,6,4.0
2024,r2_qqq_calendar,50,12,6.7
2024,r3_control,50,21,11.9
2024,r3_control_nofuture,50,21,11.9
2024,r4_plus_uncertainty,50,23,13.0
2024,r5_plus_fed,50,25,13.8
2024,r6_plus_gdelt_fed_recession,50,25,14.1
2024,r7_all_external,50,42,23.2
2025,r0_target,50,0,0.7
2025,r1_qqq,50,6,4.1
2025,r2_qqq_calendar,50,12,7.5
2025,r3_control,50,21,13.5
2025,r3_control_nofuture,50,21,13.2
2025,r4_plus_uncertainty,50,23,14.2
2025,r5_plus_fed,50,25,15.4
2025,r6_plus_gdelt_fed_recession,50,25,15.6
2025,r7_all_external,50,42,27.8
2025H2_2026H1,r0_target,50,0,0.9
2025H2_2026H1,r1_qqq,50,6,4.7
2025H2_2026H1,r2_qqq_calendar,50,12,8.3
2025H2_2026H1,r3_control,50,21,14.1
2025H2_2026H1,r3_control_nofuture,50,21,14.2
2025H2_2026H1,r4_plus_uncertainty,50,23,15.3
2025H2_2026H1,r5_plus_fed,50,25,16.4
2025H2_2026H1,r6_plus_gdelt_fed_recession,50,25,16.7
2025H2_2026H1,r7_all_external,50,42,26.9
